speedDebug.pid_v[0], 0.0,
speedDebug.pid_v[1], 2.178,
speedDebug.pid_v[2], 4.554,
speedDebug.pid_v[3], 7.1279993,
speedDebug.pid_v[4], 9.9,
speedDebug.pid_v[5], 12.42455,
speedDebug.pid_v[6], 14.772518,
speedDebug.pid_v[7], 17.247618,
speedDebug.pid_v[8], 20.740753,
speedDebug.pid_v[9], 23.328384,
speedDebug.pid_v[10], 25.68882,
speedDebug.pid_v[11], 27.680315,
speedDebug.pid_v[12], 29.707832,
speedDebug.pid_v[13], 31.994091,
speedDebug.pid_v[14], 34.6707,
speedDebug.pid_v[15], 37.211227,
speedDebug.pid_v[16], 39.372696,
speedDebug.pid_v[17], 41.671413,
speedDebug.pid_v[18], 43.0039,
speedDebug.pid_v[19], 44.39264,
speedDebug.pid_v[20], 45.84777,
speedDebug.pid_v[21], 47.268066,
speedDebug.pid_v[22], 48.987587,
speedDebug.pid_v[23], 50.814003,
speedDebug.pid_v[24], 52.98015,
speedDebug.pid_v[25], 55.405037,
speedDebug.pid_v[26], 56.995285,
speedDebug.pid_v[27], 59.00627,
speedDebug.pid_v[28], 60.25349,
speedDebug.pid_v[29], 61.222885,
speedDebug.pid_v[30], 62.562378,
speedDebug.pid_v[31], 63.867035,
speedDebug.pid_v[32], 66.1391,
speedDebug.pid_v[33], 68.24471,
speedDebug.pid_v[34], 70.83178,
speedDebug.pid_v[35], 75.49989,
speedDebug.pid_v[36], 72.742744,
speedDebug.pid_v[37], 76.22754,
speedDebug.pid_v[38], 77.20725,
speedDebug.pid_v[39], 81.11841,
speedDebug.pid_v[40], 85.22758,
speedDebug.pid_v[41], 89.20064,
speedDebug.pid_v[42], 90.00047,
speedDebug.pid_v[43], 90.77558,
speedDebug.pid_v[44], 92.87244,
speedDebug.pid_v[45], 92.07952,
speedDebug.pid_v[46], 93.03355,
speedDebug.pid_v[47], 94.0236,
speedDebug.pid_v[48], 96.39613,
speedDebug.pid_v[49], 97.16463,
speedDebug.pid_v[50], 100.52032,
speedDebug.pid_v[51], 101.076004,
speedDebug.pid_v[52], 97.39991,
speedDebug.pid_v[53], 97.469666,
speedDebug.pid_v[54], 95.32229,
speedDebug.pid_v[55], 94.77447,
speedDebug.pid_v[56], 94.43926,
speedDebug.pid_v[57], 95.23791,
speedDebug.pid_v[58], 94.275024,
speedDebug.pid_v[59], 91.27724,
speedDebug.pid_v[60], 90.41558,
speedDebug.pid_v[61], 90.57643,
speedDebug.pid_v[62], 91.74968,
speedDebug.pid_v[63], 91.131,
speedDebug.pid_v[64], 89.55055,
speedDebug.pid_v[65], 87.81826,
speedDebug.pid_v[66], 88.16134,
speedDebug.pid_v[67], 86.21644,
speedDebug.pid_v[68], 85.89136,
speedDebug.pid_v[69], 86.902626,
speedDebug.pid_v[70], 89.260345,
speedDebug.pid_v[71], 86.616905,
speedDebug.pid_v[72], 83.73049,
speedDebug.pid_v[73], 85.94649,
speedDebug.pid_v[74], 88.516815,
speedDebug.pid_v[75], 87.21983,
speedDebug.pid_v[76], 88.02861,
speedDebug.pid_v[77], 88.91839,
speedDebug.pid_v[78], 89.889145,
speedDebug.pid_v[79], 88.936386,
speedDebug.pid_v[80], 89.8869,
speedDebug.pid_v[81], 91.02978,
speedDebug.pid_v[82], 90.48195,
speedDebug.pid_v[83], 89.75191,
speedDebug.pid_v[84], 88.94089,
speedDebug.pid_v[85], 88.71703,
speedDebug.pid_v[86], 89.586555,
speedDebug.pid_v[87], 90.98253,
speedDebug.pid_v[88], 87.82276,
speedDebug.pid_v[89], 87.25471,
speedDebug.pid_v[90], 88.205215,
speedDebug.pid_v[91], 87.475174,
speedDebug.pid_v[92], 88.13209,
speedDebug.pid_v[93], 88.97125,
speedDebug.pid_v[94], 89.22322,
speedDebug.pid_v[95], 90.386345,
speedDebug.pid_v[96], 87.86439,
speedDebug.pid_v[97], 89.21985,
speedDebug.pid_v[98], 88.92514,
speedDebug.pid_v[99], 87.93187,
speedDebug.pid_v[100], 88.40655,
speedDebug.pid_v[101], 90.37959,
speedDebug.pid_v[102], 89.416695,
speedDebug.pid_v[103], 88.12984,
speedDebug.pid_v[104], 87.83513,
speedDebug.pid_v[105], 89.30195,
speedDebug.pid_v[106], 88.57191,
speedDebug.pid_v[107], 89.44144,
speedDebug.pid_v[108], 89.83514,
speedDebug.pid_v[109], 89.7024,
speedDebug.pid_v[110], 90.663055,
speedDebug.pid_v[111], 89.47743,
speedDebug.pid_v[112], 91.06575,
speedDebug.pid_v[113], 89.677666,
speedDebug.pid_v[114], 88.25921,
speedDebug.pid_v[115], 86.820496,
speedDebug.pid_v[116], 88.378426,
speedDebug.pid_v[117], 88.09383,
speedDebug.pid_v[118], 89.682144,
speedDebug.pid_v[119], 88.749626,
speedDebug.pid_v[120], 90.398705,
speedDebug.pid_v[121], 88.97013,
speedDebug.pid_v[122], 86.73163,
speedDebug.pid_v[123], 85.07019,
speedDebug.pid_v[124], 87.174835,
speedDebug.pid_v[125], 89.05673,
speedDebug.pid_v[126], 88.67091,
speedDebug.pid_v[127], 88.4673,
speedDebug.pid_v[128], 91.13888,
speedDebug.pid_v[129], 89.93301,
speedDebug.pid_v[130], 90.82279,
speedDebug.pid_v[131], 91.0039,
speedDebug.pid_v[132], 90.850914,
speedDebug.pid_v[133], 88.551674,
speedDebug.pid_v[134], 89.48195,
speedDebug.pid_v[135], 90.280594,
speedDebug.pid_v[136], 89.813774,
speedDebug.pid_v[137], 90.63268,
speedDebug.pid_v[138], 86.39977,
speedDebug.pid_v[139], 86.44928,
speedDebug.pid_v[140], 85.41552,
speedDebug.pid_v[141], 86.31542,
speedDebug.pid_v[142], 87.43805,
speedDebug.pid_v[143], 89.68441,
speedDebug.pid_v[144], 89.47067,
speedDebug.pid_v[145], 89.78339,
speedDebug.pid_v[146], 87.555016,
speedDebug.pid_v[147], 88.78901,
speedDebug.pid_v[148], 87.69449,
speedDebug.pid_v[149], 87.61237,
speedDebug.pid_v[150], 87.64162,
speedDebug.pid_v[151], 88.34916,
speedDebug.pid_v[152], 87.5685,
speedDebug.pid_v[153], 86.605606,
speedDebug.pid_v[154], 86.67535,
speedDebug.pid_v[155], 87.99033,
speedDebug.pid_v[156], 88.10057,
speedDebug.pid_v[157], 88.22094,
speedDebug.pid_v[158], 87.12642,
speedDebug.pid_v[159], 87.48975,
speedDebug.pid_v[160], 89.67538,
speedDebug.pid_v[161], 0.0,
speedDebug.pid_v[162], 0.0,
speedDebug.pid_v[163], 0.0,
speedDebug.pid_v[164], 0.0,
speedDebug.pid_v[165], 0.0,
speedDebug.pid_v[166], 0.0,
speedDebug.pid_v[167], 0.0,
speedDebug.pid_v[168], 0.0,
speedDebug.pid_v[169], 0.0,
speedDebug.pid_v[170], 0.0,
speedDebug.pid_v[171], 0.0,
speedDebug.pid_v[172], 0.0,
speedDebug.pid_v[173], 0.0,
speedDebug.pid_v[174], 0.0,
speedDebug.pid_v[175], 0.0,
speedDebug.pid_v[176], 0.0,
speedDebug.pid_v[177], 0.0,
speedDebug.pid_v[178], 0.0,
speedDebug.pid_v[179], 0.0,
speedDebug.pid_v[180], 0.0,
speedDebug.pid_v[181], 0.0,
speedDebug.pid_v[182], 0.0,
speedDebug.pid_v[183], 0.0,
speedDebug.pid_v[184], 0.0,
speedDebug.pid_v[185], 0.0,
speedDebug.pid_v[186], 0.0,
speedDebug.pid_v[187], 0.0,
speedDebug.pid_v[188], 0.0,
speedDebug.pid_v[189], 0.0,
speedDebug.pid_v[190], 0.0,
speedDebug.pid_v[191], 0.0,
speedDebug.pid_v[192], 0.0,
speedDebug.pid_v[193], 0.0,
speedDebug.pid_v[194], 0.0,
speedDebug.pid_v[195], 0.0,
speedDebug.pid_v[196], 0.0,
speedDebug.pid_v[197], 0.0,
speedDebug.pid_v[198], 0.0,
speedDebug.pid_v[199], 0.0,
speedDebug.pid_v[200], 0.0,
speedDebug.pid_v[201], 0.0,
speedDebug.pid_v[202], 0.0,
speedDebug.pid_v[203], 0.0,
speedDebug.pid_v[204], 0.0,
speedDebug.pid_v[205], 0.0,
speedDebug.pid_v[206], 0.0,
speedDebug.pid_v[207], 0.0,
speedDebug.pid_v[208], 0.0,
speedDebug.pid_v[209], 0.0,
speedDebug.pid_v[210], 0.0,
speedDebug.pid_v[211], 0.0,
speedDebug.pid_v[212], 0.0,
speedDebug.pid_v[213], 0.0,
speedDebug.pid_v[214], 0.0,
speedDebug.pid_v[215], 0.0,
speedDebug.pid_v[216], 0.0,
speedDebug.pid_v[217], 0.0,
speedDebug.pid_v[218], 0.0,
speedDebug.pid_v[219], 0.0,
speedDebug.pid_v[220], 0.0,
speedDebug.pid_v[221], 0.0,
speedDebug.pid_v[222], 0.0,
speedDebug.pid_v[223], 0.0,
speedDebug.pid_v[224], 0.0,
speedDebug.pid_v[225], 0.0,
speedDebug.pid_v[226], 0.0,
speedDebug.pid_v[227], 0.0,
speedDebug.pid_v[228], 0.0,
speedDebug.pid_v[229], 0.0,
speedDebug.pid_v[230], 0.0,
speedDebug.pid_v[231], 0.0,
speedDebug.pid_v[232], 0.0,
speedDebug.pid_v[233], 0.0,
speedDebug.pid_v[234], 0.0,
speedDebug.pid_v[235], 0.0,
speedDebug.pid_v[236], 0.0,
speedDebug.pid_v[237], 0.0,
speedDebug.pid_v[238], 0.0,
speedDebug.pid_v[239], 0.0,
speedDebug.pid_v[240], 0.0,
speedDebug.pid_v[241], 0.0,
speedDebug.pid_v[242], 0.0,
speedDebug.pid_v[243], 0.0,
speedDebug.pid_v[244], 0.0,
speedDebug.pid_v[245], 0.0,
speedDebug.pid_v[246], 0.0,
speedDebug.pid_v[247], 0.0,
speedDebug.pid_v[248], 0.0,
speedDebug.pid_v[249], 0.0,
speedDebug.pid_v[250], 0.0,
speedDebug.pid_v[251], 0.0,
speedDebug.pid_v[252], 0.0,
speedDebug.pid_v[253], 0.0,
speedDebug.pid_v[254], 0.0,
speedDebug.pid_v[255], 0.0,
speedDebug.pid_v[256], 0.0,
speedDebug.pid_v[257], 0.0,
speedDebug.pid_v[258], 0.0,
speedDebug.pid_v[259], 0.0,
speedDebug.pid_v[260], 0.0,
speedDebug.pid_v[261], 0.0,
speedDebug.pid_v[262], 0.0,
speedDebug.pid_v[263], 0.0,
speedDebug.pid_v[264], 0.0,
speedDebug.pid_v[265], 0.0,
speedDebug.pid_v[266], 0.0,
speedDebug.pid_v[267], 0.0,
speedDebug.pid_v[268], 0.0,
speedDebug.pid_v[269], 0.0,
speedDebug.pid_v[270], 0.0,
speedDebug.pid_v[271], 0.0,
speedDebug.pid_v[272], 0.0,
speedDebug.pid_v[273], 0.0,
speedDebug.pid_v[274], 0.0,
speedDebug.pid_v[275], 0.0,
speedDebug.pid_v[276], 0.0,
speedDebug.pid_v[277], 0.0,
speedDebug.pid_v[278], 0.0,
speedDebug.pid_v[279], 0.0,
speedDebug.pid_v[280], 0.0,
speedDebug.pid_v[281], 0.0,
speedDebug.pid_v[282], 0.0,
speedDebug.pid_v[283], 0.0,
speedDebug.pid_v[284], 0.0,
speedDebug.pid_v[285], 0.0,
speedDebug.pid_v[286], 0.0,
speedDebug.pid_v[287], 0.0,
speedDebug.pid_v[288], 0.0,
speedDebug.pid_v[289], 0.0,
speedDebug.pid_v[290], 0.0,
speedDebug.pid_v[291], 0.0,
speedDebug.pid_v[292], 0.0,
speedDebug.pid_v[293], 0.0,
speedDebug.pid_v[294], 0.0,
speedDebug.pid_v[295], 0.0,
speedDebug.pid_v[296], 0.0,
speedDebug.pid_v[297], 0.0,
speedDebug.pid_v[298], 0.0,
speedDebug.pid_v[299], 0.0,
