speedDebug.pid_vt[0], 0.0,
speedDebug.pid_vt[1], 3.75,
speedDebug.pid_vt[2], 7.75,
speedDebug.pid_vt[3], 12.0,
speedDebug.pid_vt[4], 16.5,
speedDebug.pid_vt[5], 20.71069,
speedDebug.pid_vt[6], 24.16467,
speedDebug.pid_vt[7], 28.415152,
speedDebug.pid_vt[8], 32.10308,
speedDebug.pid_vt[9], 35.933163,
speedDebug.pid_vt[10], 39.25824,
speedDebug.pid_vt[11], 42.682354,
speedDebug.pid_vt[12], 45.77411,
speedDebug.pid_vt[13], 48.82833,
speedDebug.pid_vt[14], 52.053574,
speedDebug.pid_vt[15], 54.378647,
speedDebug.pid_vt[16], 56.49389,
speedDebug.pid_vt[17], 59.678883,
speedDebug.pid_vt[18], 62.495934,
speedDebug.pid_vt[19], 63.62289,
speedDebug.pid_vt[20], 65.53229,
speedDebug.pid_vt[21], 70.00568,
speedDebug.pid_vt[22], 71.82677,
speedDebug.pid_vt[23], 71.8876,
speedDebug.pid_vt[24], 73.7365,
speedDebug.pid_vt[25], 74.80962,
speedDebug.pid_vt[26], 72.94159,
speedDebug.pid_vt[27], 69.39188,
speedDebug.pid_vt[28], 67.52929,
speedDebug.pid_vt[29], 67.2738,
speedDebug.pid_vt[30], 66.91806,
speedDebug.pid_vt[31], 67.430115,
speedDebug.pid_vt[32], 66.508125,
speedDebug.pid_vt[33], 65.24228,
speedDebug.pid_vt[34], 68.995056,
speedDebug.pid_vt[35], 63.915627,
speedDebug.pid_vt[36], 67.14444,
speedDebug.pid_vt[37], 64.854034,
speedDebug.pid_vt[38], 59.999306,
speedDebug.pid_vt[39], 59.838028,
speedDebug.pid_vt[40], 58.47335,
speedDebug.pid_vt[41], 54.752773,
speedDebug.pid_vt[42], 59.698143,
speedDebug.pid_vt[43], 57.14452,
speedDebug.pid_vt[44], 56.99044,
speedDebug.pid_vt[45], 57.044083,
speedDebug.pid_vt[46], 56.997444,
speedDebug.pid_vt[47], 58.454933,
speedDebug.pid_vt[48], 57.111877,
speedDebug.pid_vt[49], 58.361652,
speedDebug.pid_vt[50], 56.79658,
speedDebug.pid_vt[51], 61.141018,
speedDebug.pid_vt[52], 59.11712,
speedDebug.pid_vt[53], 63.390606,
speedDebug.pid_vt[54], 58.05694,
speedDebug.pid_vt[55], 57.28693,
speedDebug.pid_vt[56], 58.83035,
speedDebug.pid_vt[57], 58.225018,
speedDebug.pid_vt[58], 60.800102,
speedDebug.pid_vt[59], 55.703995,
speedDebug.pid_vt[60], 58.74409,
speedDebug.pid_vt[61], 58.02418,
speedDebug.pid_vt[62], 57.576477,
speedDebug.pid_vt[63], 58.49674,
speedDebug.pid_vt[64], 56.25856,
speedDebug.pid_vt[65], 57.95225,
speedDebug.pid_vt[66], 57.404266,
speedDebug.pid_vt[67], 56.605637,
speedDebug.pid_vt[68], 57.368294,
speedDebug.pid_vt[69], 59.047836,
speedDebug.pid_vt[70], 57.6188,
speedDebug.pid_vt[71], 60.817093,
speedDebug.pid_vt[72], 58.75034,
speedDebug.pid_vt[73], 58.35989,
speedDebug.pid_vt[74], 59.44498,
speedDebug.pid_vt[75], 57.915665,
speedDebug.pid_vt[76], 63.370872,
speedDebug.pid_vt[77], 59.519997,
speedDebug.pid_vt[78], 55.71339,
speedDebug.pid_vt[79], 58.20193,
speedDebug.pid_vt[80], 57.21707,
speedDebug.pid_vt[81], 58.853558,
speedDebug.pid_vt[82], 57.703926,
speedDebug.pid_vt[83], 57.33499,
speedDebug.pid_vt[84], 58.8784,
speedDebug.pid_vt[85], 57.628487,
speedDebug.pid_vt[86], 57.36698,
speedDebug.pid_vt[87], 57.19859,
speedDebug.pid_vt[88], 60.56865,
speedDebug.pid_vt[89], 59.01052,
speedDebug.pid_vt[90], 62.710632,
speedDebug.pid_vt[91], 58.487545,
speedDebug.pid_vt[92], 56.4356,
speedDebug.pid_vt[93], 58.222378,
speedDebug.pid_vt[94], 57.23752,
speedDebug.pid_vt[95], 62.635048,
speedDebug.pid_vt[96], 57.760246,
speedDebug.pid_vt[97], 58.666187,
speedDebug.pid_vt[98], 57.917656,
speedDebug.pid_vt[99], 56.044823,
speedDebug.pid_vt[100], 59.099316,
speedDebug.pid_vt[101], 57.21196,
speedDebug.pid_vt[102], 57.451797,
speedDebug.pid_vt[103], 58.142868,
speedDebug.pid_vt[104], 56.090927,
speedDebug.pid_vt[105], 56.266296,
speedDebug.pid_vt[106], 57.429993,
speedDebug.pid_vt[107], 57.71281,
speedDebug.pid_vt[108], 59.306442,
speedDebug.pid_vt[109], 61.437607,
speedDebug.pid_vt[110], 56.613285,
speedDebug.pid_vt[111], 61.874496,
speedDebug.pid_vt[112], 58.253258,
speedDebug.pid_vt[113], 58.77961,
speedDebug.pid_vt[114], 60.738686,
speedDebug.pid_vt[115], 58.20647,
speedDebug.pid_vt[116], 58.396194,
speedDebug.pid_vt[117], 56.45167,
speedDebug.pid_vt[118], 55.1304,
speedDebug.pid_vt[119], 57.167664,
speedDebug.pid_vt[120], 57.851562,
speedDebug.pid_vt[121], 59.982468,
speedDebug.pid_vt[122], 60.430096,
speedDebug.pid_vt[123], 59.717243,
speedDebug.pid_vt[124], 60.236496,
speedDebug.pid_vt[125], 59.17268,
speedDebug.pid_vt[126], 58.137627,
speedDebug.pid_vt[127], 59.82435,
speedDebug.pid_vt[128], 61.08863,
speedDebug.pid_vt[129], 57.274418,
speedDebug.pid_vt[130], 61.14579,
speedDebug.pid_vt[131], 58.83559,
speedDebug.pid_vt[132], 59.906345,
speedDebug.pid_vt[133], 59.759422,
speedDebug.pid_vt[134], 56.91241,
speedDebug.pid_vt[135], 60.425457,
speedDebug.pid_vt[136], 58.058117,
speedDebug.pid_vt[137], 59.608707,
speedDebug.pid_vt[138], 58.9031,
speedDebug.pid_vt[139], 58.039974,
speedDebug.pid_vt[140], 58.838478,
speedDebug.pid_vt[141], 57.975357,
speedDebug.pid_vt[142], 57.484688,
speedDebug.pid_vt[143], 58.361942,
speedDebug.pid_vt[144], 59.51863,
speedDebug.pid_vt[145], 58.283005,
speedDebug.pid_vt[146], 61.25918,
speedDebug.pid_vt[147], 58.311504,
speedDebug.pid_vt[148], 55.801373,
speedDebug.pid_vt[149], 59.464554,
speedDebug.pid_vt[150], 57.36949,
speedDebug.pid_vt[151], 64.37201,
speedDebug.pid_vt[152], 60.349014,
speedDebug.pid_vt[153], 58.074814,
speedDebug.pid_vt[154], 62.62698,
speedDebug.pid_vt[155], 56.63528,
speedDebug.pid_vt[156], 59.145382,
speedDebug.pid_vt[157], 57.107742,
speedDebug.pid_vt[158], 56.65291,
speedDebug.pid_vt[159], 58.002773,
speedDebug.pid_vt[160], 58.808445,
speedDebug.pid_vt[161], 57.845043,
speedDebug.pid_vt[162], 58.32124,
speedDebug.pid_vt[163], 62.271786,
speedDebug.pid_vt[164], 59.61038,
speedDebug.pid_vt[165], 63.203,
speedDebug.pid_vt[166], 59.402527,
speedDebug.pid_vt[167], 58.124,
speedDebug.pid_vt[168], 60.304886,
speedDebug.pid_vt[169], 57.69415,
speedDebug.pid_vt[170], 65.00468,
speedDebug.pid_vt[171], 59.914345,
speedDebug.pid_vt[172], 56.501747,
speedDebug.pid_vt[173], 58.44594,
speedDebug.pid_vt[174], 56.021774,
speedDebug.pid_vt[175], 59.778,
speedDebug.pid_vt[176], 60.254257,
speedDebug.pid_vt[177], 59.362404,
speedDebug.pid_vt[178], 59.480515,
speedDebug.pid_vt[179], 58.531433,
speedDebug.pid_vt[180], 58.269928,
speedDebug.pid_vt[181], 57.242138,
speedDebug.pid_vt[182], 58.513283,
speedDebug.pid_vt[183], 58.373535,
speedDebug.pid_vt[184], 61.6649,
speedDebug.pid_vt[185], 54.971924,
speedDebug.pid_vt[186], 57.703705,
speedDebug.pid_vt[187], 55.48008,
speedDebug.pid_vt[188], 59.55865,
speedDebug.pid_vt[189], 62.313065,
speedDebug.pid_vt[190], 59.44391,
speedDebug.pid_vt[191], 60.55769,
speedDebug.pid_vt[192], 57.123245,
speedDebug.pid_vt[193], 56.138493,
speedDebug.pid_vt[194], 56.60028,
speedDebug.pid_vt[195], 55.81605,
speedDebug.pid_vt[196], 57.459503,
speedDebug.pid_vt[197], 57.183685,
speedDebug.pid_vt[198], 57.215824,
speedDebug.pid_vt[199], 57.1477,
speedDebug.pid_vt[200], 58.798557,
speedDebug.pid_vt[201], 59.919502,
speedDebug.pid_vt[202], 62.294327,
speedDebug.pid_vt[203], 61.70314,
speedDebug.pid_vt[204], 56.22006,
speedDebug.pid_vt[205], 61.63853,
speedDebug.pid_vt[206], 57.65222,
speedDebug.pid_vt[207], 61.552395,
speedDebug.pid_vt[208], 61.419754,
speedDebug.pid_vt[209], 58.25723,
speedDebug.pid_vt[210], 61.104385,
speedDebug.pid_vt[211], 57.913315,
speedDebug.pid_vt[212], 59.5498,
speedDebug.pid_vt[213], 59.25965,
speedDebug.pid_vt[214], 59.055428,
speedDebug.pid_vt[215], 58.729458,
speedDebug.pid_vt[216], 59.34892,
speedDebug.pid_vt[217], 57.755272,
speedDebug.pid_vt[218], 57.128544,
speedDebug.pid_vt[219], 59.04429,
speedDebug.pid_vt[220], 57.765762,
speedDebug.pid_vt[221], 63.492924,
speedDebug.pid_vt[222], 59.935875,
speedDebug.pid_vt[223], 57.840813,
speedDebug.pid_vt[224], 61.081844,
speedDebug.pid_vt[225], 56.057564,
speedDebug.pid_vt[226], 61.21784,
speedDebug.pid_vt[227], 57.819057,
speedDebug.pid_vt[228], 57.299755,
speedDebug.pid_vt[229], 59.222668,
speedDebug.pid_vt[230], 56.66223,
speedDebug.pid_vt[231], 60.05343,
speedDebug.pid_vt[232], 58.738987,
speedDebug.pid_vt[233], 57.43901,
speedDebug.pid_vt[234], 58.20166,
speedDebug.pid_vt[235], 59.343987,
speedDebug.pid_vt[236], 57.77177,
speedDebug.pid_vt[237], 58.133377,
speedDebug.pid_vt[238], 61.209816,
speedDebug.pid_vt[239], 58.799324,
speedDebug.pid_vt[240], 62.77147,
speedDebug.pid_vt[241], 59.164494,
speedDebug.pid_vt[242], 59.59774,
speedDebug.pid_vt[243], 60.059673,
speedDebug.pid_vt[244], 58.079185,
speedDebug.pid_vt[245], 63.05403,
speedDebug.pid_vt[246], 58.050446,
speedDebug.pid_vt[247], 57.96084,
speedDebug.pid_vt[248], 59.26784,
speedDebug.pid_vt[249], 57.01535,
speedDebug.pid_vt[250], 59.98397,
speedDebug.pid_vt[251], 58.97037,
speedDebug.pid_vt[252], 59.38928,
speedDebug.pid_vt[253], 58.117905,
speedDebug.pid_vt[254], 61.702892,
speedDebug.pid_vt[255], 59.94418,
speedDebug.pid_vt[256], 57.627136,
speedDebug.pid_vt[257], 58.697746,
speedDebug.pid_vt[258], 58.02085,
speedDebug.pid_vt[259], 61.598633,
speedDebug.pid_vt[260], 55.21366,
speedDebug.pid_vt[261], 61.068436,
speedDebug.pid_vt[262], 57.769943,
speedDebug.pid_vt[263], 58.217472,
speedDebug.pid_vt[264], 60.312454,
speedDebug.pid_vt[265], 57.178883,
speedDebug.pid_vt[266], 59.846714,
speedDebug.pid_vt[267], 59.69263,
speedDebug.pid_vt[268], 59.631668,
speedDebug.pid_vt[269], 59.778423,
speedDebug.pid_vt[270], 57.67623,
speedDebug.pid_vt[271], 57.472034,
speedDebug.pid_vt[272], 56.938416,
speedDebug.pid_vt[273], 56.053925,
speedDebug.pid_vt[274], 56.515713,
speedDebug.pid_vt[275], 57.12793,
speedDebug.pid_vt[276], 60.261494,
speedDebug.pid_vt[277], 63.395847,
speedDebug.pid_vt[278], 62.00217,
speedDebug.pid_vt[279], 58.882446,
speedDebug.pid_vt[280], 61.772728,
speedDebug.pid_vt[281], 57.657623,
speedDebug.pid_vt[282], 59.70235,
speedDebug.pid_vt[283], 60.171436,
speedDebug.pid_vt[284], 56.801617,
speedDebug.pid_vt[285], 59.970734,
speedDebug.pid_vt[286], 59.17201,
speedDebug.pid_vt[287], 58.31603,
speedDebug.pid_vt[288], 58.799397,
speedDebug.pid_vt[289], 58.673977,
speedDebug.pid_vt[290], 58.648827,
speedDebug.pid_vt[291], 58.19395,
speedDebug.pid_vt[292], 57.28075,
speedDebug.pid_vt[293], 57.16966,
speedDebug.pid_vt[294], 59.207188,
speedDebug.pid_vt[295], 57.090717,
speedDebug.pid_vt[296], 62.02952,
speedDebug.pid_vt[297], 58.27945,
speedDebug.pid_vt[298], 57.38057,
speedDebug.pid_vt[299], 59.11013,
