posXYDebug.x[0], 2.7610498E-5,
posXYDebug.x[1], 2.7610498E-5,
posXYDebug.x[2], 2.7610498E-5,
posXYDebug.x[3], 6.44245E-5,
posXYDebug.x[4], 2.0247701E-4,
posXYDebug.x[5], 4.7858196E-4,
posXYDebug.x[6], 8.191114E-4,
posXYDebug.x[7], 0.0011504374,
posXYDebug.x[8], 0.0014633563,
posXYDebug.x[9], 0.0017670718,
posXYDebug.x[10], 0.0020983978,
posXYDebug.x[11], 0.0024573342,
posXYDebug.x[12], 0.0028346777,
posXYDebug.x[13], 0.0032212245,
posXYDebug.x[14], 0.0036077714,
posXYDebug.x[15], 0.0040127253,
posXYDebug.x[16], 0.004417679,
posXYDebug.x[17], 0.0048502428,
posXYDebug.x[18], 0.005310417,
posXYDebug.x[19], 0.0057613878,
posXYDebug.x[20], 0.0062031546,
posXYDebug.x[21], 0.006663328,
posXYDebug.x[22], 0.007123501,
posXYDebug.x[23], 0.0076204874,
posXYDebug.x[24], 0.008126676,
posXYDebug.x[25], 0.0086512705,
posXYDebug.x[26], 0.009203474,
posXYDebug.x[27], 0.009764879,
posXYDebug.x[28], 0.010335485,
posXYDebug.x[29], 0.0109337,
posXYDebug.x[30], 0.011541116,
posXYDebug.x[31], 0.012166935,
posXYDebug.x[32], 0.0128019545,
posXYDebug.x[33], 0.013464579,
posXYDebug.x[34], 0.014164012,
posXYDebug.x[35], 0.014881847,
posXYDebug.x[36], 0.0156088825,
posXYDebug.x[37], 0.01635432,
posXYDebug.x[38], 0.017090552,
posXYDebug.x[39], 0.01783598,
posXYDebug.x[40], 0.01859981,
posXYDebug.x[41], 0.019336026,
posXYDebug.x[42], 0.020109048,
posXYDebug.x[43], 0.020872863,
posXYDebug.x[44], 0.021636674,
posXYDebug.x[45], 0.022391278,
posXYDebug.x[46], 0.023127472,
posXYDebug.x[47], 0.023891268,
posXYDebug.x[48], 0.024636656,
posXYDebug.x[49], 0.025372835,
posXYDebug.x[50], 0.02611821,
posXYDebug.x[51], 0.026854374,
posXYDebug.x[52], 0.02759053,
posXYDebug.x[53], 0.028317478,
posXYDebug.x[54], 0.029072024,
posXYDebug.x[55], 0.029835768,
posXYDebug.x[56], 0.030627113,
posXYDebug.x[57], 0.031409252,
posXYDebug.x[58], 0.032200594,
posXYDebug.x[59], 0.032964323,
posXYDebug.x[60], 0.033783257,
posXYDebug.x[61], 0.034592982,
posXYDebug.x[62], 0.0354027,
posXYDebug.x[63], 0.03621241,
posXYDebug.x[64], 0.037022114,
posXYDebug.x[65], 0.037850212,
posXYDebug.x[66], 0.038669106,
posXYDebug.x[67], 0.039497193,
posXYDebug.x[68], 0.04031607,
posXYDebug.x[69], 0.04115335,
posXYDebug.x[70], 0.041990627,
posXYDebug.x[71], 0.042827897,
posXYDebug.x[72], 0.043628357,
posXYDebug.x[73], 0.044428807,
posXYDebug.x[74], 0.045229245,
posXYDebug.x[75], 0.046057276,
posXYDebug.x[76], 0.046894506,
posXYDebug.x[77], 0.047704127,
posXYDebug.x[78], 0.048513737,
posXYDebug.x[79], 0.04932334,
posXYDebug.x[80], 0.05016053,
posXYDebug.x[81], 0.05102532,
posXYDebug.x[82], 0.05188091,
posXYDebug.x[83], 0.0527181,
posXYDebug.x[84], 0.053546082,
posXYDebug.x[85], 0.05437406,
posXYDebug.x[86], 0.05522044,
posXYDebug.x[87], 0.056076016,
posXYDebug.x[88], 0.05694079,
posXYDebug.x[89], 0.057777964,
posXYDebug.x[90], 0.05862433,
posXYDebug.x[91], 0.059461497,
posXYDebug.x[92], 0.06030786,
posXYDebug.x[93], 0.06118182,
posXYDebug.x[94], 0.062055778,
posXYDebug.x[95], 0.062883735,
posXYDebug.x[96], 0.06369328,
posXYDebug.x[97], 0.06450281,
posXYDebug.x[98], 0.065330744,
posXYDebug.x[99], 0.066195466,
posXYDebug.x[100], 0.06702339,
posXYDebug.x[101], 0.067851305,
posXYDebug.x[102], 0.068688415,
posXYDebug.x[103], 0.06951633,
posXYDebug.x[104], 0.070381045,
posXYDebug.x[105], 0.07125496,
posXYDebug.x[106], 0.07211968,
posXYDebug.x[107], 0.07295681,
posXYDebug.x[108], 0.07381233,
posXYDebug.x[109], 0.074658655,
posXYDebug.x[110], 0.07550498,
posXYDebug.x[111], 0.07636051,
posXYDebug.x[112], 0.07720684,
posXYDebug.x[113], 0.078043975,
posXYDebug.x[114], 0.078890316,
posXYDebug.x[115], 0.07974586,
posXYDebug.x[116], 0.0806106,
posXYDebug.x[117], 0.08145695,
posXYDebug.x[118], 0.0823217,
posXYDebug.x[119], 0.08315886,
posXYDebug.x[120], 0.08398681,
posXYDebug.x[121], 0.08482397,
posXYDebug.x[122], 0.08567034,
posXYDebug.x[123], 0.0865167,
posXYDebug.x[124], 0.08736307,
posXYDebug.x[125], 0.08825545,
posXYDebug.x[126], 0.08913864,
posXYDebug.x[127], 0.09003104,
posXYDebug.x[128], 0.090895854,
posXYDebug.x[129], 0.091779076,
posXYDebug.x[130], 0.092662305,
posXYDebug.x[131], 0.09355475,
posXYDebug.x[132], 0.094438,
posXYDebug.x[133], 0.095302865,
posXYDebug.x[134], 0.096158534,
posXYDebug.x[135], 0.09706021,
posXYDebug.x[136], 0.0979527,
posXYDebug.x[137], 0.098836,
posXYDebug.x[138], 0.09971011,
posXYDebug.x[139], 0.10058422,
posXYDebug.x[140], 0.10146754,
posXYDebug.x[141], 0.10237848,
posXYDebug.x[142], 0.10325262,
posXYDebug.x[143], 0.104135975,
posXYDebug.x[144], 0.10501014,
posXYDebug.x[145], 0.10589351,
posXYDebug.x[146], 0.106786095,
posXYDebug.x[147], 0.107660286,
posXYDebug.x[148], 0.108552895,
posXYDebug.x[149], 0.10942711,
posXYDebug.x[150], 0.11031973,
posXYDebug.x[151], 0.111212365,
posXYDebug.x[152], 0.112114206,
posXYDebug.x[153], 0.11297005,
posXYDebug.x[154], 0.11385351,
posXYDebug.x[155], 0.11475538,
posXYDebug.x[156], 0.11564805,
posXYDebug.x[157], 0.11652233,
posXYDebug.x[158], 0.11740581,
posXYDebug.x[159], 0.11830771,
posXYDebug.x[160], 0.11920041,
posXYDebug.x[161], 0.120102316,
posXYDebug.x[162], 0.12097662,
posXYDebug.x[163], 0.12186013,
posXYDebug.x[164], 0.122771256,
posXYDebug.x[165], 0.12368239,
posXYDebug.x[166], 0.12460273,
posXYDebug.x[167], 0.12552308,
posXYDebug.x[168], 0.12642501,
posXYDebug.x[169], 0.12731776,
posXYDebug.x[170], 0.1282289,
posXYDebug.x[171], 0.12913084,
posXYDebug.x[172], 0.13002358,
posXYDebug.x[173], 0.13090712,
posXYDebug.x[174], 0.13179986,
posXYDebug.x[175], 0.13271101,
posXYDebug.x[176], 0.13364056,
posXYDebug.x[177], 0.13453329,
posXYDebug.x[178], 0.1354168,
posXYDebug.x[179], 0.13630033,
posXYDebug.x[180], 0.13719305,
posXYDebug.x[181], 0.13807657,
posXYDebug.x[182], 0.13896929,
posXYDebug.x[183], 0.13992642,
posXYDebug.x[184], 0.14083752,
posXYDebug.x[185], 0.14174862,
posXYDebug.x[186], 0.14265051,
posXYDebug.x[187], 0.1435708,
posXYDebug.x[188], 0.14445426,
posXYDebug.x[189], 0.14534691,
posXYDebug.x[190], 0.14623956,
posXYDebug.x[191], 0.1471138,
posXYDebug.x[192], 0.14798802,
posXYDebug.x[193], 0.14888984,
posXYDebug.x[194], 0.14979164,
posXYDebug.x[195], 0.15066583,
posXYDebug.x[196], 0.15151241,
posXYDebug.x[197], 0.15237738,
posXYDebug.x[198], 0.15326074,
posXYDebug.x[199], 0.15417169,
posXYDebug.x[200], 0.15505503,
posXYDebug.x[201], 0.15592916,
posXYDebug.x[202], 0.15678489,
posXYDebug.x[203], 0.15764982,
posXYDebug.x[204], 0.15855154,
posXYDebug.x[205], 0.15942566,
posXYDebug.x[206], 0.16032737,
posXYDebug.x[207], 0.16123828,
posXYDebug.x[208], 0.16217679,
posXYDebug.x[209], 0.16312449,
posXYDebug.x[210], 0.16404457,
posXYDebug.x[211], 0.16495545,
posXYDebug.x[212], 0.16587552,
posXYDebug.x[213], 0.16680479,
posXYDebug.x[214], 0.16775244,
posXYDebug.x[215], 0.16867249,
posXYDebug.x[216], 0.16954653,
posXYDebug.x[217], 0.17042977,
posXYDebug.x[218], 0.1712854,
posXYDebug.x[219], 0.17216866,
posXYDebug.x[220], 0.1730427,
posXYDebug.x[221], 0.17391676,
posXYDebug.x[222], 0.1748092,
posXYDebug.x[223], 0.17573845,
posXYDebug.x[224], 0.1766401,
posXYDebug.x[225], 0.17751412,
posXYDebug.x[226], 0.17840655,
posXYDebug.x[227], 0.17928979,
posXYDebug.x[228], 0.18016382,
posXYDebug.x[229], 0.18105623,
posXYDebug.x[230], 0.18193945,
posXYDebug.x[231], 0.18281347,
posXYDebug.x[232], 0.18372428,
posXYDebug.x[233], 0.1846075,
posXYDebug.x[234], 0.18553671,
posXYDebug.x[235], 0.18642911,
posXYDebug.x[236], 0.18728472,
posXYDebug.x[237], 0.18814954,
posXYDebug.x[238], 0.18899596,
posXYDebug.x[239], 0.18986998,
posXYDebug.x[240], 0.19076242,
posXYDebug.x[241], 0.19162725,
posXYDebug.x[242], 0.1925105,
posXYDebug.x[243], 0.19343056,
posXYDebug.x[244], 0.19432302,
posXYDebug.x[245], 0.19520628,
posXYDebug.x[246], 0.19605276,
posXYDebug.x[247], 0.19693604,
posXYDebug.x[248], 0.19781932,
posXYDebug.x[249], 0.198721,
posXYDebug.x[250], 0.1995951,
posXYDebug.x[251], 0.2004876,
posXYDebug.x[252], 0.20137091,
posXYDebug.x[253], 0.20223582,
posXYDebug.x[254], 0.20309153,
posXYDebug.x[255], 0.20397486,
posXYDebug.x[256], 0.20485818,
posXYDebug.x[257], 0.20575072,
posXYDebug.x[258], 0.20660645,
posXYDebug.x[259], 0.2074346,
posXYDebug.x[260], 0.20827195,
posXYDebug.x[261], 0.20912771,
posXYDebug.x[262], 0.20998348,
posXYDebug.x[263], 0.21082085,
posXYDebug.x[264], 0.21163984,
posXYDebug.x[265], 0.21247724,
posXYDebug.x[266], 0.21333304,
posXYDebug.x[267], 0.21419805,
posXYDebug.x[268], 0.21507227,
posXYDebug.x[269], 0.2159281,
posXYDebug.x[270], 0.21678391,
posXYDebug.x[271], 0.21766734,
posXYDebug.x[272], 0.21854156,
posXYDebug.x[273], 0.21940659,
posXYDebug.x[274], 0.22026242,
posXYDebug.x[275], 0.22111826,
posXYDebug.x[276], 0.2219741,
posXYDebug.x[277], 0.22282995,
posXYDebug.x[278], 0.2236674,
posXYDebug.x[279], 0.22453246,
posXYDebug.x[280], 0.22538832,
posXYDebug.x[281], 0.22625339,
posXYDebug.x[282], 0.22710927,
posXYDebug.x[283], 0.22795595,
posXYDebug.x[284], 0.22880264,
posXYDebug.x[285], 0.22964013,
posXYDebug.x[286], 0.23049602,
posXYDebug.x[287], 0.23133351,
posXYDebug.x[288], 0.23218021,
posXYDebug.x[289], 0.2330269,
posXYDebug.x[290], 0.23391043,
posXYDebug.x[291], 0.23479395,
posXYDebug.x[292], 0.23567747,
posXYDebug.x[293], 0.23655179,
posXYDebug.x[294], 0.23742612,
posXYDebug.x[295], 0.23827283,
posXYDebug.x[296], 0.23913796,
posXYDebug.x[297], 0.23999389,
posXYDebug.x[298], 0.24086821,
posXYDebug.x[299], 0.24173334,
posXYDebug.x[300], 0.24257086,
posXYDebug.x[301], 0.24339917,
posXYDebug.x[302], 0.24421829,
posXYDebug.x[303], 0.24505581,
posXYDebug.x[304], 0.24593934,
posXYDebug.x[305], 0.24684128,
posXYDebug.x[306], 0.24770641,
posXYDebug.x[307], 0.24853472,
posXYDebug.x[308], 0.24938144,
posXYDebug.x[309], 0.25022817,
posXYDebug.x[310], 0.2510933,
posXYDebug.x[311], 0.25194922,
posXYDebug.x[312], 0.25282353,
posXYDebug.x[313], 0.25371626,
posXYDebug.x[314], 0.25458136,
posXYDebug.x[315], 0.25545567,
posXYDebug.x[316], 0.25632077,
posXYDebug.x[317], 0.25717667,
posXYDebug.x[318], 0.25803256,
posXYDebug.x[319], 0.25888845,
posXYDebug.x[320], 0.25974435,
posXYDebug.x[321], 0.26059103,
posXYDebug.x[322], 0.2614377,
posXYDebug.x[323], 0.2622936,
posXYDebug.x[324], 0.26313108,
posXYDebug.x[325], 0.26395935,
posXYDebug.x[326], 0.2647876,
posXYDebug.x[327], 0.26561588,
posXYDebug.x[328], 0.26646256,
posXYDebug.x[329], 0.26729083,
posXYDebug.x[330], 0.2681283,
posXYDebug.x[331], 0.26894736,
posXYDebug.x[332], 0.26976642,
posXYDebug.x[333], 0.27058548,
posXYDebug.x[334], 0.27141374,
posXYDebug.x[335], 0.2722328,
posXYDebug.x[336], 0.27306107,
posXYDebug.x[337], 0.27387092,
posXYDebug.x[338], 0.27472678,
posXYDebug.x[339], 0.27557343,
posXYDebug.x[340], 0.2764109,
posXYDebug.x[341], 0.27724838,
posXYDebug.x[342], 0.27809504,
posXYDebug.x[343], 0.2789233,
posXYDebug.x[344], 0.27976078,
posXYDebug.x[345], 0.28058904,
posXYDebug.x[346], 0.2814081,
posXYDebug.x[347], 0.28223637,
posXYDebug.x[348], 0.28307384,
posXYDebug.x[349], 0.2839297,
posXYDebug.x[350], 0.28478557,
posXYDebug.x[351], 0.28562304,
posXYDebug.x[352], 0.28646052,
posXYDebug.x[353], 0.2873072,
posXYDebug.x[354], 0.28813547,
posXYDebug.x[355], 0.28897294,
posXYDebug.x[356], 0.28981963,
posXYDebug.x[357], 0.2906571,
posXYDebug.x[358], 0.29149458,
posXYDebug.x[359], 0.2923689,
posXYDebug.x[360], 0.2932616,
posXYDebug.x[361], 0.2941451,
posXYDebug.x[362], 0.29504701,
posXYDebug.x[363], 0.29593053,
posXYDebug.x[364], 0.29679564,
posXYDebug.x[365], 0.29766074,
posXYDebug.x[366], 0.29852587,
posXYDebug.x[367], 0.2994186,
posXYDebug.x[368], 0.30030212,
posXYDebug.x[369], 0.30118564,
posXYDebug.x[370], 0.30206916,
posXYDebug.x[371], 0.3029435,
posXYDebug.x[372], 0.30380863,
posXYDebug.x[373], 0.30466455,
posXYDebug.x[374], 0.30552047,
posXYDebug.x[375], 0.3063856,
posXYDebug.x[376], 0.30723232,
posXYDebug.x[377], 0.30808824,
posXYDebug.x[378], 0.30894417,
posXYDebug.x[379], 0.30979088,
posXYDebug.x[380], 0.310656,
posXYDebug.x[381], 0.31151193,
posXYDebug.x[382], 0.31234026,
posXYDebug.x[383], 0.31317776,
posXYDebug.x[384], 0.3140613,
posXYDebug.x[385], 0.31497246,
posXYDebug.x[386], 0.3158652,
posXYDebug.x[387], 0.3167487,
posXYDebug.x[388], 0.31761384,
posXYDebug.x[389], 0.31848815,
posXYDebug.x[390], 0.3193901,
posXYDebug.x[391], 0.3203012,
posXYDebug.x[392], 0.32119393,
posXYDebug.x[393], 0.32206824,
posXYDebug.x[394], 0.32289654,
posXYDebug.x[395], 0.32375243,
posXYDebug.x[396], 0.32461753,
posXYDebug.x[397], 0.325455,
posXYDebug.x[398], 0.3263017,
posXYDebug.x[399], 0.32717597,
posXYDebug.x[400], 0.32808706,
posXYDebug.x[401], 0.32899815,
posXYDebug.x[402], 0.32987243,
posXYDebug.x[403], 0.3307743,
posXYDebug.x[404], 0.3316762,
posXYDebug.x[405], 0.33258724,
posXYDebug.x[406], 0.33347988,
posXYDebug.x[407], 0.33439094,
posXYDebug.x[408], 0.33530197,
posXYDebug.x[409], 0.3362222,
posXYDebug.x[410], 0.3371424,
posXYDebug.x[411], 0.33807182,
posXYDebug.x[412], 0.338992,
posXYDebug.x[413], 0.33985698,
posXYDebug.x[414], 0.34074956,
posXYDebug.x[415], 0.34166974,
posXYDebug.x[416], 0.3425623,
posXYDebug.x[417], 0.34347323,
posXYDebug.x[418], 0.34439334,
posXYDebug.x[419], 0.34532267,
posXYDebug.x[420], 0.34625196,
posXYDebug.x[421], 0.34717205,
posXYDebug.x[422], 0.3480645,
posXYDebug.x[423], 0.34895697,
posXYDebug.x[424], 0.34989542,
posXYDebug.x[425], 0.35081545,
posXYDebug.x[426], 0.35173544,
posXYDebug.x[427], 0.35264623,
posXYDebug.x[428], 0.3535478,
posXYDebug.x[429], 0.35446778,
posXYDebug.x[430], 0.35538772,
posXYDebug.x[431], 0.35629845,
posXYDebug.x[432], 0.35716316,
posXYDebug.x[433], 0.35803705,
posXYDebug.x[434], 0.35892934,
posXYDebug.x[435], 0.35982162,
posXYDebug.x[436], 0.36072308,
posXYDebug.x[437], 0.36162454,
posXYDebug.x[438], 0.36256278,
posXYDebug.x[439], 0.3634918,
posXYDebug.x[440], 0.3644208,
posXYDebug.x[441], 0.36533135,
posXYDebug.x[442], 0.3662603,
posXYDebug.x[443], 0.3671984,
posXYDebug.x[444], 0.3681089,
posXYDebug.x[445], 0.36901936,
posXYDebug.x[446], 0.369939,
posXYDebug.x[447], 0.37084943,
posXYDebug.x[448], 0.37177822,
posXYDebug.x[449], 0.3727162,
posXYDebug.x[450], 0.37365416,
posXYDebug.x[451], 0.3745737,
posXYDebug.x[452], 0.37549323,
posXYDebug.x[453], 0.37640354,
posXYDebug.x[454], 0.37732303,
posXYDebug.x[455], 0.3782333,
posXYDebug.x[456], 0.37915277,
posXYDebug.x[457], 0.38008142,
posXYDebug.x[458], 0.3810284,
posXYDebug.x[459], 0.38199377,
posXYDebug.x[460], 0.38293153,
posXYDebug.x[461], 0.38388765,
posXYDebug.x[462], 0.38482538,
posXYDebug.x[463], 0.38576308,
posXYDebug.x[464], 0.38670996,
posXYDebug.x[465], 0.38762924,
posXYDebug.x[466], 0.38854852,
posXYDebug.x[467], 0.38948616,
posXYDebug.x[468], 0.39042377,
posXYDebug.x[469], 0.39135218,
posXYDebug.x[470], 0.3922714,
posXYDebug.x[471], 0.3931998,
posXYDebug.x[472], 0.39413738,
posXYDebug.x[473], 0.39507496,
posXYDebug.x[474], 0.3960125,
posXYDebug.x[475], 0.3969409,
posXYDebug.x[476], 0.39785087,
posXYDebug.x[477], 0.39878842,
posXYDebug.x[478], 0.39974433,
posXYDebug.x[479], 0.40069106,
posXYDebug.x[480], 0.4016378,
posXYDebug.x[481], 0.40255693,
posXYDebug.x[482], 0.40349445,
posXYDebug.x[483], 0.40443197,
posXYDebug.x[484], 0.40538788,
posXYDebug.x[485], 0.40631622,
posXYDebug.x[486], 0.40724456,
posXYDebug.x[487], 0.4081821,
posXYDebug.x[488], 0.40912884,
posXYDebug.x[489], 0.4100572,
posXYDebug.x[490], 0.41100392,
posXYDebug.x[491], 0.41194147,
posXYDebug.x[492], 0.41287902,
posXYDebug.x[493], 0.4137982,
posXYDebug.x[494], 0.4147174,
posXYDebug.x[495], 0.41564578,
posXYDebug.x[496], 0.4165558,
posXYDebug.x[497], 0.4174842,
posXYDebug.x[498], 0.41836664,
posXYDebug.x[499], 0.41929504,
posXYDebug.x[500], 0.420251,
posXYDebug.x[501], 0.4211794,
posXYDebug.x[502], 0.42207107,
posXYDebug.x[503], 0.42296273,
posXYDebug.x[504], 0.42385438,
posXYDebug.x[505], 0.42475525,
posXYDebug.x[506], 0.42566532,
posXYDebug.x[507], 0.42654783,
posXYDebug.x[508], 0.42743954,
posXYDebug.x[509], 0.42832208,
posXYDebug.x[510], 0.4292046,
posXYDebug.x[511], 0.43009636,
posXYDebug.x[512], 0.4309973,
posXYDebug.x[513], 0.4318799,
posXYDebug.x[514], 0.43273494,
posXYDebug.x[515], 0.43359917,
posXYDebug.x[516], 0.4344634,
posXYDebug.x[517], 0.43531847,
posXYDebug.x[518], 0.43621033,
posXYDebug.x[519], 0.43713897,
posXYDebug.x[520], 0.43802163,
posXYDebug.x[521], 0.4388951,
posXYDebug.x[522], 0.4397778,
posXYDebug.x[523], 0.44066048,
posXYDebug.x[524], 0.44155237,
posXYDebug.x[525], 0.44244426,
posXYDebug.x[526], 0.44332695,
posXYDebug.x[527], 0.44419128,
posXYDebug.x[528], 0.4450648,
posXYDebug.x[529], 0.44594756,
posXYDebug.x[530], 0.4468303,
posXYDebug.x[531], 0.44771305,
posXYDebug.x[532], 0.4485866,
posXYDebug.x[533], 0.4494234,
posXYDebug.x[534], 0.4502694,
posXYDebug.x[535], 0.45113382,
posXYDebug.x[536], 0.45199823,
posXYDebug.x[537], 0.45286268,
posXYDebug.x[538], 0.45370874,
posXYDebug.x[539], 0.45454562,
posXYDebug.x[540], 0.4553825,
posXYDebug.x[541], 0.45622858,
posXYDebug.x[542], 0.45708388,
posXYDebug.x[543], 0.45793,
posXYDebug.x[544], 0.45876694,
posXYDebug.x[545], 0.4596223,
posXYDebug.x[546], 0.46048686,
posXYDebug.x[547], 0.46137902,
posXYDebug.x[548], 0.46227118,
posXYDebug.x[549], 0.46316335,
posXYDebug.x[550], 0.46403712,
posXYDebug.x[551], 0.4649109,
posXYDebug.x[552], 0.4658031,
posXYDebug.x[553], 0.46671367,
posXYDebug.x[554], 0.46763346,
posXYDebug.x[555], 0.46852565,
posXYDebug.x[556], 0.46939024,
posXYDebug.x[557], 0.47025487,
posXYDebug.x[558], 0.4711287,
posXYDebug.x[559], 0.47199336,
posXYDebug.x[560], 0.47283962,
posXYDebug.x[561], 0.4736859,
posXYDebug.x[562], 0.47453216,
posXYDebug.x[563], 0.47541523,
posXYDebug.x[564], 0.4763259,
posXYDebug.x[565], 0.4771998,
posXYDebug.x[566], 0.47806448,
posXYDebug.x[567], 0.47893837,
posXYDebug.x[568], 0.47980306,
posXYDebug.x[569], 0.48066774,
posXYDebug.x[570], 0.48153242,
posXYDebug.x[571], 0.48238793,
posXYDebug.x[572], 0.48326182,
posXYDebug.x[573], 0.48412654,
posXYDebug.x[574], 0.48498204,
posXYDebug.x[575], 0.48586515,
posXYDebug.x[576], 0.48674825,
posXYDebug.x[577], 0.48762214,
posXYDebug.x[578], 0.48846844,
posXYDebug.x[579], 0.48929635,
posXYDebug.x[580], 0.4901243,
posXYDebug.x[581], 0.49097982,
posXYDebug.x[582], 0.49184456,
posXYDebug.x[583], 0.4927001,
posXYDebug.x[584], 0.49355564,
posXYDebug.x[585], 0.4944112,
posXYDebug.x[586], 0.49526677,
posXYDebug.x[587], 0.49612233,
posXYDebug.x[588], 0.4969963,
posXYDebug.x[589], 0.4978703,
posXYDebug.x[590], 0.4987535,
posXYDebug.x[591], 0.49962747,
posXYDebug.x[592], 0.5004923,
posXYDebug.x[593], 0.5013847,
posXYDebug.x[594], 0.50225866,
posXYDebug.x[595], 0.5031419,
posXYDebug.x[596], 0.50401586,
posXYDebug.x[597], 0.50488985,
posXYDebug.x[598], 0.50577307,
posXYDebug.x[599], 0.5066747,
posXYDebug.x[600], 0.50752115,
posXYDebug.x[601], 0.50835836,
posXYDebug.x[602], 0.509214,
posXYDebug.x[603], 0.51007885,
posXYDebug.x[604], 0.5109713,
posXYDebug.x[605], 0.51186377,
posXYDebug.x[606], 0.51271945,
posXYDebug.x[607], 0.51357514,
posXYDebug.x[608], 0.5144676,
posXYDebug.x[609], 0.51536924,
posXYDebug.x[610], 0.5162617,
posXYDebug.x[611], 0.517145,
posXYDebug.x[612], 0.51800984,
posXYDebug.x[613], 0.5188931,
posXYDebug.x[614], 0.51976717,
posXYDebug.x[615], 0.5206688,
posXYDebug.x[616], 0.52156126,
posXYDebug.x[617], 0.5224353,
posXYDebug.x[618], 0.5233002,
posXYDebug.x[619], 0.52418345,
posXYDebug.x[620], 0.5250759,
posXYDebug.x[621], 0.5259776,
posXYDebug.x[622], 0.5268701,
posXYDebug.x[623], 0.5277442,
posXYDebug.x[624], 0.52859986,
posXYDebug.x[625], 0.52948314,
posXYDebug.x[626], 0.53038484,
posXYDebug.x[627], 0.53127736,
posXYDebug.x[628], 0.5321699,
posXYDebug.x[629], 0.5330624,
posXYDebug.x[630], 0.5339825,
posXYDebug.x[631], 0.534921,
posXYDebug.x[632], 0.5358503,
posXYDebug.x[633], 0.53678876,
posXYDebug.x[634], 0.53771806,
posXYDebug.x[635], 0.53862894,
posXYDebug.x[636], 0.53954905,
posXYDebug.x[637], 0.54045993,
posXYDebug.x[638], 0.5413892,
posXYDebug.x[639], 0.5423093,
posXYDebug.x[640], 0.54322016,
posXYDebug.x[641], 0.54414946,
posXYDebug.x[642], 0.5450511,
posXYDebug.x[643], 0.545962,
posXYDebug.x[644], 0.54690045,
posXYDebug.x[645], 0.5478205,
posXYDebug.x[646], 0.54874974,
posXYDebug.x[647], 0.5496698,
posXYDebug.x[648], 0.5505806,
posXYDebug.x[649], 0.55150986,
posXYDebug.x[650], 0.5524391,
posXYDebug.x[651], 0.55336833,
posXYDebug.x[652], 0.55430675,
posXYDebug.x[653], 0.55522674,
posXYDebug.x[654], 0.5561559,
posXYDebug.x[655], 0.5570851,
posXYDebug.x[656], 0.5580419,
posXYDebug.x[657], 0.55897105,
posXYDebug.x[658], 0.5599094,
posXYDebug.x[659], 0.5608385,
posXYDebug.x[660], 0.5617768,
posXYDebug.x[661], 0.56270593,
posXYDebug.x[662], 0.56363505,
posXYDebug.x[663], 0.5645825,
posXYDebug.x[664], 0.5655208,
posXYDebug.x[665], 0.56645906,
posXYDebug.x[666], 0.5673973,
posXYDebug.x[667], 0.56832635,
posXYDebug.x[668], 0.56928295,
posXYDebug.x[669], 0.5702211,
posXYDebug.x[670], 0.5711685,
posXYDebug.x[671], 0.57213426,
posXYDebug.x[672], 0.57310915,
posXYDebug.x[673], 0.57407486,
posXYDebug.x[674], 0.57503134,
posXYDebug.x[675], 0.5759694,
posXYDebug.x[676], 0.57688904,
posXYDebug.x[677], 0.5778363,
posXYDebug.x[678], 0.5788019,
posXYDebug.x[679], 0.57974905,
posXYDebug.x[680], 0.5807054,
posXYDebug.x[681], 0.5816525,
posXYDebug.x[682], 0.58259046,
posXYDebug.x[683], 0.58351,
posXYDebug.x[684], 0.58442944,
posXYDebug.x[685], 0.5853305,
posXYDebug.x[686], 0.58624995,
posXYDebug.x[687], 0.5872337,
posXYDebug.x[688], 0.58820826,
posXYDebug.x[689], 0.5891643,
posXYDebug.x[690], 0.5901204,
posXYDebug.x[691], 0.59108555,
posXYDebug.x[692], 0.5920323,
posXYDebug.x[693], 0.5929791,
posXYDebug.x[694], 0.5939258,
posXYDebug.x[695], 0.59486324,
posXYDebug.x[696], 0.5958098,
posXYDebug.x[697], 0.5967564,
posXYDebug.x[698], 0.5977029,
posXYDebug.x[699], 0.598631,
posXYDebug.x[700], 0.5995407,
posXYDebug.x[701], 0.60047793,
posXYDebug.x[702], 0.6014059,
posXYDebug.x[703], 0.60232466,
posXYDebug.x[704], 0.60327095,
posXYDebug.x[705], 0.6041988,
posXYDebug.x[706], 0.6050991,
posXYDebug.x[707], 0.6059902,
posXYDebug.x[708], 0.6068996,
posXYDebug.x[709], 0.6078733,
posXYDebug.x[710], 0.6088378,
posXYDebug.x[711], 0.6097838,
posXYDebug.x[712], 0.6107298,
posXYDebug.x[713], 0.6116482,
posXYDebug.x[714], 0.6125941,
posXYDebug.x[715], 0.61355835,
posXYDebug.x[716], 0.614495,
posXYDebug.x[717], 0.6154132,
posXYDebug.x[718], 0.61631304,
posXYDebug.x[719], 0.6172129,
posXYDebug.x[720], 0.6181035,
posXYDebug.x[721], 0.61898494,
posXYDebug.x[722], 0.6198572,
posXYDebug.x[723], 0.620757,
posXYDebug.x[724], 0.62171185,
posXYDebug.x[725], 0.62264836,
posXYDebug.x[726], 0.62356645,
posXYDebug.x[727], 0.62447536,
posXYDebug.x[728], 0.62539345,
posXYDebug.x[729], 0.62632984,
posXYDebug.x[730], 0.6272295,
posXYDebug.x[731], 0.6281475,
posXYDebug.x[732], 0.6290563,
posXYDebug.x[733], 0.62997425,
posXYDebug.x[734], 0.6309106,
posXYDebug.x[735], 0.6318561,
posXYDebug.x[736], 0.632774,
posXYDebug.x[737], 0.63362765,
posXYDebug.x[738], 0.6344813,
posXYDebug.x[739], 0.6353258,
posXYDebug.x[740], 0.63619787,
posXYDebug.x[741], 0.6370516,
posXYDebug.x[742], 0.6378961,
posXYDebug.x[743], 0.6388049,
posXYDebug.x[744], 0.63966775,
posXYDebug.x[745], 0.64053065,
posXYDebug.x[746], 0.6414027,
posXYDebug.x[747], 0.6422656,
posXYDebug.x[748], 0.64311016,
posXYDebug.x[749], 0.6439639,
posXYDebug.x[750], 0.64481765,
posXYDebug.x[751], 0.6456806,
posXYDebug.x[752], 0.6465711,
posXYDebug.x[753], 0.64744323,
posXYDebug.x[754], 0.6483154,
posXYDebug.x[755], 0.6491601,
posXYDebug.x[756], 0.6500323,
posXYDebug.x[757], 0.65089536,
posXYDebug.x[758], 0.6517676,
posXYDebug.x[759], 0.6526307,
posXYDebug.x[760], 0.6534663,
posXYDebug.x[761], 0.6542835,
posXYDebug.x[762], 0.6551192,
posXYDebug.x[763], 0.65594566,
posXYDebug.x[764], 0.65679055,
posXYDebug.x[765], 0.6576355,
posXYDebug.x[766], 0.65848047,
posXYDebug.x[767], 0.65934384,
posXYDebug.x[768], 0.6602164,
posXYDebug.x[769], 0.66107976,
posXYDebug.x[770], 0.6619799,
posXYDebug.x[771], 0.66283417,
posXYDebug.x[772], 0.6636884,
posXYDebug.x[773], 0.6645611,
posXYDebug.x[774], 0.66543376,
posXYDebug.x[775], 0.6663157,
posXYDebug.x[776], 0.6671792,
posXYDebug.x[777], 0.6680244,
posXYDebug.x[778], 0.6688696,
posXYDebug.x[779], 0.66969645,
posXYDebug.x[780], 0.6705509,
posXYDebug.x[781], 0.67139614,
posXYDebug.x[782], 0.6722322,
posXYDebug.x[783], 0.6730775,
posXYDebug.x[784], 0.67391366,
posXYDebug.x[785], 0.6747498,
posXYDebug.x[786], 0.67559516,
posXYDebug.x[787], 0.6764498,
posXYDebug.x[788], 0.6772676,
posXYDebug.x[789], 0.6780947,
posXYDebug.x[790], 0.6789402,
posXYDebug.x[791], 0.67979485,
posXYDebug.x[792], 0.68066794,
posXYDebug.x[793], 0.6815135,
posXYDebug.x[794], 0.6823682,
posXYDebug.x[795], 0.6832046,
posXYDebug.x[796], 0.6840594,
posXYDebug.x[797], 0.68493253,
posXYDebug.x[798], 0.6857873,
posXYDebug.x[799], 0.68664217,
posXYDebug.x[800], 0.687497,
posXYDebug.x[801], 0.6883335,
posXYDebug.x[802], 0.6891608,
posXYDebug.x[803], 0.69001573,
posXYDebug.x[804], 0.69086146,
posXYDebug.x[805], 0.691698,
posXYDebug.x[806], 0.69254375,
posXYDebug.x[807], 0.6933711,
posXYDebug.x[808], 0.6942169,
posXYDebug.x[809], 0.6950719,
posXYDebug.x[810], 0.69591767,
posXYDebug.x[811], 0.69676346,
posXYDebug.x[812], 0.69760925,
posXYDebug.x[813], 0.69844586,
posXYDebug.x[814], 0.6992733,
posXYDebug.x[815], 0.70010996,
posXYDebug.x[816], 0.7009834,
posXYDebug.x[817], 0.70183843,
posXYDebug.x[818], 0.7026843,
posXYDebug.x[819], 0.70354855,
posXYDebug.x[820], 0.70437604,
posXYDebug.x[821], 0.7052403,
posXYDebug.x[822], 0.7061138,
posXYDebug.x[823], 0.7069781,
posXYDebug.x[824], 0.707824,
posXYDebug.x[825], 0.70867914,
posXYDebug.x[826], 0.7095343,
posXYDebug.x[827], 0.71038944,
posXYDebug.x[828], 0.711263,
posXYDebug.x[829], 0.71213657,
posXYDebug.x[830], 0.7129917,
posXYDebug.x[831], 0.7138561,
posXYDebug.x[832], 0.7146929,
posXYDebug.x[833], 0.71556646,
posXYDebug.x[834], 0.71643084,
posXYDebug.x[835], 0.7172952,
posXYDebug.x[836], 0.71815044,
posXYDebug.x[837], 0.7189872,
posXYDebug.x[838], 0.71983325,
posXYDebug.x[839], 0.7207069,
posXYDebug.x[840], 0.72159886,
posXYDebug.x[841], 0.72249085,
posXYDebug.x[842], 0.7233645,
posXYDebug.x[843], 0.72423804,
posXYDebug.x[844], 0.72509325,
posXYDebug.x[845], 0.72594845,
posXYDebug.x[846], 0.72681284,
posXYDebug.x[847], 0.72768646,
posXYDebug.x[848], 0.72855085,
posXYDebug.x[849], 0.7294245,
posXYDebug.x[850], 0.7302981,
posXYDebug.x[851], 0.7311533,
posXYDebug.x[852], 0.73202693,
posXYDebug.x[853], 0.7328914,
posXYDebug.x[854], 0.7337466,
posXYDebug.x[855], 0.73458344,
posXYDebug.x[856], 0.73542947,
posXYDebug.x[857], 0.73625714,
posXYDebug.x[858], 0.73710316,
posXYDebug.x[859], 0.7379952,
posXYDebug.x[860], 0.7389148,
posXYDebug.x[861], 0.7398068,
posXYDebug.x[862], 0.74069875,
posXYDebug.x[863], 0.74155396,
posXYDebug.x[864], 0.7424275,
posXYDebug.x[865], 0.7433195,
posXYDebug.x[866], 0.74422985,
posXYDebug.x[867], 0.7450942,
posXYDebug.x[868], 0.7459769,
posXYDebug.x[869], 0.7468505,
posXYDebug.x[870], 0.74773324,
posXYDebug.x[871], 0.74862516,
posXYDebug.x[872], 0.7495171,
posXYDebug.x[873], 0.7503814,
posXYDebug.x[874], 0.7512273,
posXYDebug.x[875], 0.75209165,
posXYDebug.x[876], 0.752956,
posXYDebug.x[877], 0.75384784,
posXYDebug.x[878], 0.7547121,
posXYDebug.x[879], 0.7555764,
posXYDebug.x[880], 0.75643146,
posXYDebug.x[881], 0.75727737,
posXYDebug.x[882], 0.7581233,
posXYDebug.x[883], 0.75897837,
posXYDebug.x[884], 0.75983346,
posXYDebug.x[885], 0.76075286,
posXYDebug.x[886], 0.7616539,
posXYDebug.x[887], 0.7625457,
posXYDebug.x[888], 0.7634375,
posXYDebug.x[889], 0.7643385,
posXYDebug.x[890], 0.76524866,
posXYDebug.x[891], 0.7661496,
posXYDebug.x[892], 0.7670505,
posXYDebug.x[893], 0.7679698,
posXYDebug.x[894], 0.76887065,
posXYDebug.x[895], 0.76976234,
posXYDebug.x[896], 0.7706632,
posXYDebug.x[897], 0.7715089,
posXYDebug.x[898], 0.77237296,
posXYDebug.x[899], 0.7732462,
posXYDebug.x[900], 0.77416545,
posXYDebug.x[901], 0.7751122,
posXYDebug.x[902], 0.77604055,
posXYDebug.x[903], 0.7769321,
posXYDebug.x[904], 0.77784204,
posXYDebug.x[905], 0.77876115,
posXYDebug.x[906], 0.77968943,
posXYDebug.x[907], 0.78061765,
posXYDebug.x[908], 0.7815367,
posXYDebug.x[909], 0.7824373,
posXYDebug.x[910], 0.78334713,
posXYDebug.x[911], 0.78429365,
posXYDebug.x[912], 0.78522176,
posXYDebug.x[913], 0.78612226,
posXYDebug.x[914], 0.7869676,
posXYDebug.x[915], 0.78784966,
posXYDebug.x[916], 0.7887501,
posXYDebug.x[917], 0.7896689,
posXYDebug.x[918], 0.7905785,
posXYDebug.x[919], 0.79146963,
posXYDebug.x[920], 0.79234236,
posXYDebug.x[921], 0.79323345,
posXYDebug.x[922], 0.7941521,
posXYDebug.x[923], 0.79507065,
posXYDebug.x[924], 0.79598004,
posXYDebug.x[925], 0.7968802,
posXYDebug.x[926], 0.7977803,
posXYDebug.x[927], 0.7987079,
posXYDebug.x[928], 0.79963547,
posXYDebug.x[929], 0.80055386,
posXYDebug.x[930], 0.80149055,
posXYDebug.x[931], 0.8024272,
posXYDebug.x[932], 0.803327,
posXYDebug.x[933], 0.80419934,
posXYDebug.x[934], 0.80508995,
posXYDebug.x[935], 0.8060173,
posXYDebug.x[936], 0.80693537,
posXYDebug.x[937], 0.8078351,
posXYDebug.x[938], 0.8087256,
posXYDebug.x[939], 0.809662,
posXYDebug.x[940], 0.8106442,
posXYDebug.x[941], 0.81159884,
posXYDebug.x[942], 0.8125442,
posXYDebug.x[943], 0.8134712,
posXYDebug.x[944], 0.8144165,
posXYDebug.x[945], 0.8153618,
posXYDebug.x[946], 0.8162978,
posXYDebug.x[947], 0.8172246,
posXYDebug.x[948], 0.8181698,
posXYDebug.x[949], 0.81912404,
posXYDebug.x[950], 0.82007825,
posXYDebug.x[951], 0.82100487,
posXYDebug.x[952], 0.8219223,
posXYDebug.x[953], 0.8228397,
posXYDebug.x[954], 0.8237479,
posXYDebug.x[955], 0.82467437,
posXYDebug.x[956], 0.82557327,
posXYDebug.x[957], 0.826463,
posXYDebug.x[958], 0.827371,
posXYDebug.x[959], 0.8283065,
posXYDebug.x[960], 0.8292511,
posXYDebug.x[961], 0.8301865,
posXYDebug.x[962], 0.8311035,
posXYDebug.x[963], 0.83202964,
posXYDebug.x[964], 0.8329466,
posXYDebug.x[965], 0.8338635,
posXYDebug.x[966], 0.8347621,
posXYDebug.x[967], 0.8356698,
posXYDebug.x[968], 0.8365867,
posXYDebug.x[969], 0.83748525,
posXYDebug.x[970], 0.83838373,
posXYDebug.x[971], 0.8393006,
posXYDebug.x[972], 0.84022653,
posXYDebug.x[973], 0.8411525,
posXYDebug.x[974], 0.8420418,
posXYDebug.x[975], 0.8429402,
posXYDebug.x[976], 0.8438478,
posXYDebug.x[977], 0.8447646,
posXYDebug.x[978], 0.84569967,
posXYDebug.x[979], 0.8466164,
posXYDebug.x[980], 0.8475239,
posXYDebug.x[981], 0.8484498,
posXYDebug.x[982], 0.84937567,
posXYDebug.x[983], 0.8503015,
posXYDebug.x[984], 0.85121816,
posXYDebug.x[985], 0.85210735,
posXYDebug.x[986], 0.85298735,
posXYDebug.x[987], 0.8538857,
posXYDebug.x[988], 0.8547749,
posXYDebug.x[989], 0.85567325,
posXYDebug.x[990], 0.85656244,
posXYDebug.x[991], 0.85744244,
posXYDebug.x[992], 0.85832244,
posXYDebug.x[993], 0.8592025,
posXYDebug.x[994], 0.8600917,
posXYDebug.x[995], 0.8609809,
posXYDebug.x[996], 0.8618518,
posXYDebug.x[997], 0.8627136,
posXYDebug.x[998], 0.86357534,
posXYDebug.x[999], 0.8644463,
