posXYDebug.y[0], 0.0,
posXYDebug.y[1], 0.0,
posXYDebug.y[2], 0.0,
posXYDebug.y[3], 0.0,
posXYDebug.y[4], -3.3090242E-10,
posXYDebug.y[5], -1.6545119E-8,
posXYDebug.y[6], -6.386416E-8,
posXYDebug.y[7], -1.2872103E-7,
posXYDebug.y[8], -1.8464353E-7,
posXYDebug.y[9], -2.4023512E-7,
posXYDebug.y[10], -3.1171004E-7,
posXYDebug.y[11], -3.881485E-7,
posXYDebug.y[12], -4.784848E-7,
posXYDebug.y[13], -5.602177E-7,
posXYDebug.y[14], -6.220964E-7,
posXYDebug.y[15], -6.8397514E-7,
posXYDebug.y[16], -7.4353756E-7,
posXYDebug.y[17], -8.070708E-7,
posXYDebug.y[18], -8.629933E-7,
posXYDebug.y[19], -9.1031234E-7,
posXYDebug.y[20], -9.500206E-7,
posXYDebug.y[21], -9.897288E-7,
posXYDebug.y[22], -1.0214955E-6,
posXYDebug.y[23], -1.040026E-6,
posXYDebug.y[24], -1.0443276E-6,
posXYDebug.y[25], -1.0400258E-6,
posXYDebug.y[26], -1.0307605E-6,
posXYDebug.y[27], -1.0178552E-6,
posXYDebug.y[28], -9.930375E-7,
posXYDebug.y[29], -9.652416E-7,
posXYDebug.y[30], -9.281805E-7,
posXYDebug.y[31], -8.7358154E-7,
posXYDebug.y[32], -8.090555E-7,
posXYDebug.y[33], -7.3493334E-7,
posXYDebug.y[34], -6.406261E-7,
posXYDebug.y[35], -5.479734E-7,
posXYDebug.y[36], -4.4373908E-7,
posXYDebug.y[37], -3.1667253E-7,
posXYDebug.y[38], -1.8265702E-7,
posXYDebug.y[39], -3.871446E-8,
posXYDebug.y[40], 1.1515516E-7,
posXYDebug.y[41], 2.6339944E-7,
posXYDebug.y[42], 4.2090898E-7,
posXYDebug.y[43], 6.045598E-7,
posXYDebug.y[44], 7.723272E-7,
posXYDebug.y[45], 9.668978E-7,
posXYDebug.y[46], 1.1604757E-6,
posXYDebug.y[47], 1.382842E-6,
posXYDebug.y[48], 1.6237389E-6,
posXYDebug.y[49], 1.8831662E-6,
posXYDebug.y[50], 2.161124E-6,
posXYDebug.y[51], 2.4837536E-6,
posXYDebug.y[52], 2.8080376E-6,
posXYDebug.y[53], 3.1803024E-6,
posXYDebug.y[54], 3.6359545E-6,
posXYDebug.y[55], 4.0677814E-6,
posXYDebug.y[56], 4.5909374E-6,
posXYDebug.y[57], 5.12038E-6,
posXYDebug.y[58], 5.692178E-6,
posXYDebug.y[59], 6.2957424E-6,
posXYDebug.y[60], 6.931073E-6,
posXYDebug.y[61], 7.645489E-6,
posXYDebug.y[62], 8.305637E-6,
posXYDebug.y[63], 8.995565E-6,
posXYDebug.y[64], 9.811235E-6,
posXYDebug.y[65], 1.0660658E-5,
posXYDebug.y[66], 1.15898265E-5,
posXYDebug.y[67], 1.2484251E-5,
posXYDebug.y[68], 1.3401176E-5,
posXYDebug.y[69], 1.4351853E-5,
posXYDebug.y[70], 1.5388232E-5,
posXYDebug.y[71], 1.6513623E-5,
posXYDebug.y[72], 1.7609564E-5,
posXYDebug.y[73], 1.874124E-5,
posXYDebug.y[74], 1.9908653E-5,
posXYDebug.y[75], 2.1111804E-5,
posXYDebug.y[76], 2.2425806E-5,
posXYDebug.y[77], 2.385529E-5,
posXYDebug.y[78], 2.532448E-5,
posXYDebug.y[79], 2.6833377E-5,
posXYDebug.y[80], 2.8310838E-5,
posXYDebug.y[81], 2.9912386E-5,
posXYDebug.y[82], 3.165655E-5,
posXYDebug.y[83], 3.3377215E-5,
posXYDebug.y[84], 3.5246452E-5,
posXYDebug.y[85], 3.7171278E-5,
posXYDebug.y[86], 3.9151695E-5,
posXYDebug.y[87], 4.1201598E-5,
posXYDebug.y[88], 4.3320986E-5,
posXYDebug.y[89], 4.550986E-5,
posXYDebug.y[90], 4.7868478E-5,
posXYDebug.y[91], 5.018242E-5,
posXYDebug.y[92], 5.267207E-5,
posXYDebug.y[93], 5.521995E-5,
posXYDebug.y[94], 5.7952133E-5,
posXYDebug.y[95], 6.051622E-5,
posXYDebug.y[96], 6.326792E-5,
posXYDebug.y[97], 6.6213186E-5,
posXYDebug.y[98], 6.923455E-5,
posXYDebug.y[99], 7.233202E-5,
posXYDebug.y[100], 7.549037E-5,
posXYDebug.y[101], 7.8841615E-5,
posXYDebug.y[102], 8.225639E-5,
posXYDebug.y[103], 8.573469E-5,
posXYDebug.y[104], 8.912133E-5,
posXYDebug.y[105], 9.27108E-5,
posXYDebug.y[106], 9.650773E-5,
posXYDebug.y[107], 1.00354286E-4,
posXYDebug.y[108], 1.0410257E-4,
posXYDebug.y[109], 1.0789849E-4,
posXYDebug.y[110], 1.1189394E-4,
posXYDebug.y[111], 1.15955554E-4,
posXYDebug.y[112], 1.20083336E-4,
posXYDebug.y[113], 1.2443645E-4,
posXYDebug.y[114], 1.2868004E-4,
posXYDebug.y[115], 1.329898E-4,
posXYDebug.y[116], 1.3754936E-4,
posXYDebug.y[117], 1.4217773E-4,
posXYDebug.y[118], 1.4687491E-4,
posXYDebug.y[119], 1.5183316E-4,
posXYDebug.y[120], 1.5686286E-4,
posXYDebug.y[121], 1.6196402E-4,
posXYDebug.y[122], 1.6715452E-4,
posXYDebug.y[123], 1.7262061E-4,
posXYDebug.y[124], 1.7795402E-4,
posXYDebug.y[125], 1.8375924E-4,
posXYDebug.y[126], 1.8925343E-4,
posXYDebug.y[127], 1.9525054E-4,
posXYDebug.y[128], 2.011242E-4,
posXYDebug.y[129], 2.0686848E-4,
posXYDebug.y[130], 2.131342E-4,
posXYDebug.y[131], 2.1949587E-4,
posXYDebug.y[132], 2.2595345E-4,
posXYDebug.y[133], 2.3203714E-4,
posXYDebug.y[134], 2.3864822E-4,
posXYDebug.y[135], 2.451147E-4,
posXYDebug.y[136], 2.5165526E-4,
posXYDebug.y[137], 2.5851576E-4,
posXYDebug.y[138], 2.6522306E-4,
posXYDebug.y[139], 2.7223706E-4,
posXYDebug.y[140], 2.793086E-4,
posXYDebug.y[141], 2.8620113E-4,
posXYDebug.y[142], 2.9316777E-4,
posXYDebug.y[143], 3.0045037E-4,
posXYDebug.y[144], 3.080337E-4,
posXYDebug.y[145], 3.1567656E-4,
posXYDebug.y[146], 3.2337898E-4,
posXYDebug.y[147], 3.313894E-4,
posXYDebug.y[148], 3.3946134E-4,
posXYDebug.y[149], 3.475743E-4,
posXYDebug.y[150], 3.5572826E-4,
posXYDebug.y[151], 3.6394375E-4,
posXYDebug.y[152], 3.7222076E-4,
posXYDebug.y[153], 3.808177E-4,
posXYDebug.y[154], 3.8919726E-4,
posXYDebug.y[155], 3.9763833E-4,
posXYDebug.y[156], 4.064258E-4,
posXYDebug.y[157], 4.1501044E-4,
posXYDebug.y[158], 4.2365657E-4,
posXYDebug.y[159], 4.3292603E-4,
posXYDebug.y[160], 4.419675E-4,
posXYDebug.y[161], 4.510725E-4,
posXYDebug.y[162], 4.599647E-4,
posXYDebug.y[163], 4.694961E-4,
posXYDebug.y[164], 4.7909297E-4,
posXYDebug.y[165], 4.88452E-4,
posXYDebug.y[166], 4.98158E-4,
posXYDebug.y[167], 5.079295E-4,
posXYDebug.y[168], 5.171498E-4,
posXYDebug.y[169], 5.266993E-4,
posXYDebug.y[170], 5.363123E-4,
posXYDebug.y[171], 5.459888E-4,
posXYDebug.y[172], 5.554141E-4,
posXYDebug.y[173], 5.64901E-4,
posXYDebug.y[174], 5.7444937E-4,
posXYDebug.y[175], 5.837592E-4,
posXYDebug.y[176], 5.9345114E-4,
posXYDebug.y[177], 6.028999E-4,
posXYDebug.y[178], 6.1273534E-4,
posXYDebug.y[179], 6.2232296E-4,
posXYDebug.y[180], 6.3198997E-4,
posXYDebug.y[181], 6.4205093E-4,
posXYDebug.y[182], 6.521939E-4,
posXYDebug.y[183], 6.624189E-4,
posXYDebug.y[184], 6.727259E-4,
posXYDebug.y[185], 6.831149E-4,
posXYDebug.y[186], 6.9358596E-4,
posXYDebug.y[187], 7.038085E-4,
posXYDebug.y[188], 7.1446405E-4,
posXYDebug.y[189], 7.252016E-4,
posXYDebug.y[190], 7.360212E-4,
posXYDebug.y[191], 7.469228E-4,
posXYDebug.y[192], 7.582501E-4,
posXYDebug.y[193], 7.689488E-4,
posXYDebug.y[194], 7.797467E-4,
posXYDebug.y[195], 7.9101726E-4,
posXYDebug.y[196], 8.031023E-4,
posXYDebug.y[197], 8.1489515E-4,
posXYDebug.y[198], 8.271111E-4,
posXYDebug.y[199], 8.393488E-4,
posXYDebug.y[200], 8.523514E-4,
posXYDebug.y[201], 8.65354E-4,
posXYDebug.y[202], 8.7835663E-4,
posXYDebug.y[203], 8.9063804E-4,
posXYDebug.y[204], 9.036869E-4,
posXYDebug.y[205], 9.163967E-4,
posXYDebug.y[206], 9.291514E-4,
posXYDebug.y[207], 9.4192865E-4,
posXYDebug.y[208], 9.539966E-4,
posXYDebug.y[209], 9.6688623E-4,
posXYDebug.y[210], 9.798208E-4,
posXYDebug.y[211], 9.931705E-4,
posXYDebug.y[212], 0.0010061726,
posXYDebug.y[213], 0.001018825,
posXYDebug.y[214], 0.0010322673,
posXYDebug.y[215], 0.0010449634,
posXYDebug.y[216], 0.0010584288,
posXYDebug.y[217], 0.0010711248,
posXYDebug.y[218], 0.0010845902,
posXYDebug.y[219], 0.0010980556,
posXYDebug.y[220], 0.0011111476,
posXYDebug.y[221], 0.001124613,
posXYDebug.y[222], 0.0011380784,
posXYDebug.y[223], 0.0011519404,
posXYDebug.y[224], 0.0011650324,
posXYDebug.y[225], 0.001178521,
posXYDebug.y[226], 0.0011916354,
posXYDebug.y[227], 0.0012047498,
posXYDebug.y[228], 0.0012178642,
posXYDebug.y[229], 0.0012313528,
posXYDebug.y[230], 0.0012448182,
posXYDebug.y[231], 0.0012582606,
posXYDebug.y[232], 0.0012712851,
posXYDebug.y[233], 0.001284658,
posXYDebug.y[234], 0.0012983773,
posXYDebug.y[235], 0.0013116808,
posXYDebug.y[236], 0.0013253525,
posXYDebug.y[237], 0.0013386328,
posXYDebug.y[238], 0.0013518899,
posXYDebug.y[239], 0.0013643677,
posXYDebug.y[240], 0.0013775786,
posXYDebug.y[241], 0.0013904008,
posXYDebug.y[242], 0.0014035886,
posXYDebug.y[243], 0.0014160009,
posXYDebug.y[244], 0.0014295059,
posXYDebug.y[245], 0.0014418528,
posXYDebug.y[246], 0.0014549248,
posXYDebug.y[247], 0.0014675896,
posXYDebug.y[248], 0.0014809518,
posXYDebug.y[249], 0.0014935266,
posXYDebug.y[250], 0.0015064366,
posXYDebug.y[251], 0.001518944,
posXYDebug.y[252], 0.0015314065,
posXYDebug.y[253], 0.0015442008,
posXYDebug.y[254], 0.0015573249,
posXYDebug.y[255], 0.0015696749,
posXYDebug.y[256], 0.0015823535,
posXYDebug.y[257], 0.0015946361,
posXYDebug.y[258], 0.0016072453,
posXYDebug.y[259], 0.0016198081,
posXYDebug.y[260], 0.0016323015,
posXYDebug.y[261], 0.0016447254,
posXYDebug.y[262], 0.0016570799,
posXYDebug.y[263], 0.0016690253,
posXYDebug.y[264], 0.001681264,
posXYDebug.y[265], 0.0016934334,
posXYDebug.y[266], 0.0017058671,
posXYDebug.y[267], 0.0017178744,
posXYDebug.y[268], 0.0017298124,
posXYDebug.y[269], 0.001742008,
posXYDebug.y[270], 0.0017541085,
posXYDebug.y[271], 0.0017657917,
posXYDebug.y[272], 0.0017774055,
posXYDebug.y[273], 0.0017892678,
posXYDebug.y[274], 0.0018006964,
posXYDebug.y[275], 0.0018123444,
posXYDebug.y[276], 0.0018238972,
posXYDebug.y[277], 0.0018350249,
posXYDebug.y[278], 0.0018460369,
posXYDebug.y[279], 0.0018569562,
posXYDebug.y[280], 0.0018681041,
posXYDebug.y[281], 0.0018785428,
posXYDebug.y[282], 0.0018891844,
posXYDebug.y[283], 0.0019000227,
posXYDebug.y[284], 0.0019107659,
posXYDebug.y[285], 0.0019208223,
posXYDebug.y[286], 0.0019316559,
posXYDebug.y[287], 0.0019417881,
posXYDebug.y[288], 0.0019523769,
posXYDebug.y[289], 0.0019628434,
posXYDebug.y[290], 0.0019731873,
posXYDebug.y[291], 0.0019833846,
posXYDebug.y[292], 0.0019931514,
posXYDebug.y[293], 0.0020025196,
posXYDebug.y[294], 0.0020123008,
posXYDebug.y[295], 0.0020216866,
posXYDebug.y[296], 0.0020309533,
posXYDebug.y[297], 0.002040101,
posXYDebug.y[298], 0.0020491295,
posXYDebug.y[299], 0.0020582986,
posXYDebug.y[300], 0.0020673454,
posXYDebug.y[301], 0.0020764985,
posXYDebug.y[302], 0.0020850268,
posXYDebug.y[303], 0.0020939033,
posXYDebug.y[304], 0.002102654,
posXYDebug.y[305], 0.0021105865,
posXYDebug.y[306], 0.00211885,
posXYDebug.y[307], 0.002126991,
posXYDebug.y[308], 0.0021349853,
posXYDebug.y[309], 0.0021428326,
posXYDebug.y[310], 0.0021509493,
posXYDebug.y[311], 0.0021584784,
posXYDebug.y[312], 0.0021662337,
posXYDebug.y[313], 0.0021736016,
posXYDebug.y[314], 0.0021811456,
posXYDebug.y[315], 0.0021883075,
posXYDebug.y[316], 0.0021949308,
posXYDebug.y[317], 0.0022018927,
posXYDebug.y[318], 0.002208487,
posXYDebug.y[319], 0.0022147486,
posXYDebug.y[320], 0.002221181,
posXYDebug.y[321], 0.002227116,
posXYDebug.y[322], 0.0022328747,
posXYDebug.y[323], 0.0022386173,
posXYDebug.y[324], 0.0022441791,
posXYDebug.y[325], 0.002249435,
posXYDebug.y[326], 0.0022546614,
posXYDebug.y[327], 0.0022594484,
posXYDebug.y[328], 0.0022642014,
posXYDebug.y[329], 0.0022689116,
posXYDebug.y[330], 0.0022733377,
posXYDebug.y[331], 0.0022777123,
posXYDebug.y[332], 0.0022819322,
posXYDebug.y[333], 0.0022859972,
posXYDebug.y[334], 0.0022899944,
posXYDebug.y[335], 0.0022938063,
posXYDebug.y[336], 0.0022974329,
posXYDebug.y[337], 0.002300801,
posXYDebug.y[338], 0.0023040143,
posXYDebug.y[339], 0.0023071645,
posXYDebug.y[340], 0.0023099438,
posXYDebug.y[341], 0.0023128027,
posXYDebug.y[342], 0.0023154484,
posXYDebug.y[343], 0.002317939,
posXYDebug.y[344], 0.0023201772,
posXYDebug.y[345], 0.0023223478,
posXYDebug.y[346], 0.0023243332,
posXYDebug.y[347], 0.0023260433,
posXYDebug.y[348], 0.0023276845,
posXYDebug.y[349], 0.002329117,
posXYDebug.y[350], 0.0023303493,
posXYDebug.y[351], 0.002331472,
posXYDebug.y[352], 0.0023324399,
posXYDebug.y[353], 0.0023332194,
posXYDebug.y[354], 0.0023338518,
posXYDebug.y[355], 0.0023343018,
posXYDebug.y[356], 0.0023345596,
posXYDebug.y[357], 0.0023346124,
posXYDebug.y[358], 0.0023344536,
posXYDebug.y[359], 0.0023341095,
posXYDebug.y[360], 0.00233358,
posXYDebug.y[361], 0.0023328653,
posXYDebug.y[362], 0.0023319651,
posXYDebug.y[363], 0.0023308797,
posXYDebug.y[364], 0.0023296091,
posXYDebug.y[365], 0.0023281532,
posXYDebug.y[366], 0.0023264845,
posXYDebug.y[367], 0.0023246258,
posXYDebug.y[368], 0.0023225502,
posXYDebug.y[369], 0.0023202153,
posXYDebug.y[370], 0.0023178065,
posXYDebug.y[371], 0.0023151338,
posXYDebug.y[372], 0.0023123277,
posXYDebug.y[373], 0.002309248,
posXYDebug.y[374], 0.0023059784,
posXYDebug.y[375], 0.00230259,
posXYDebug.y[376], 0.0022989134,
posXYDebug.y[377], 0.002295128,
posXYDebug.y[378], 0.0022910445,
posXYDebug.y[379], 0.0022868619,
posXYDebug.y[380], 0.0022823713,
posXYDebug.y[381], 0.002277919,
posXYDebug.y[382], 0.0022730487,
posXYDebug.y[383], 0.002268125,
posXYDebug.y[384], 0.002263016,
posXYDebug.y[385], 0.0022577217,
posXYDebug.y[386], 0.002252392,
posXYDebug.y[387], 0.0022465992,
posXYDebug.y[388], 0.002240749,
posXYDebug.y[389], 0.0022346873,
posXYDebug.y[390], 0.0022282705,
posXYDebug.y[391], 0.0022216367,
posXYDebug.y[392], 0.002214966,
posXYDebug.y[393], 0.0022081102,
posXYDebug.y[394], 0.0022008794,
posXYDebug.y[395], 0.0021938207,
posXYDebug.y[396], 0.0021862101,
posXYDebug.y[397], 0.0021784096,
posXYDebug.y[398], 0.002170809,
posXYDebug.y[399], 0.002162815,
posXYDebug.y[400], 0.0021544178,
posXYDebug.y[401], 0.0021460268,
posXYDebug.y[402], 0.0021374242,
posXYDebug.y[403], 0.0021286097,
posXYDebug.y[404], 0.0021198222,
posXYDebug.y[405], 0.0021103942,
posXYDebug.y[406], 0.0021009976,
posXYDebug.y[407], 0.0020913894,
posXYDebug.y[408], 0.0020813374,
posXYDebug.y[409], 0.0020713322,
posXYDebug.y[410], 0.0020611153,
posXYDebug.y[411], 0.0020504396,
posXYDebug.y[412], 0.002039295,
posXYDebug.y[413], 0.0020282122,
posXYDebug.y[414], 0.0020169397,
posXYDebug.y[415], 0.0020054774,
posXYDebug.y[416], 0.0019941228,
posXYDebug.y[417], 0.0019820335,
posXYDebug.y[418], 0.0019700557,
posXYDebug.y[419], 0.0019578882,
posXYDebug.y[420], 0.0019452434,
posXYDebug.y[421], 0.0019324041,
posXYDebug.y[422], 0.0019196671,
posXYDebug.y[423], 0.0019064388,
posXYDebug.y[424], 0.0018933493,
posXYDebug.y[425], 0.0018800971,
posXYDebug.y[426], 0.0018660277,
posXYDebug.y[427], 0.001852423,
posXYDebug.y[428], 0.0018386556,
posXYDebug.y[429], 0.0018250784,
posXYDebug.y[430], 0.0018106557,
posXYDebug.y[431], 0.0017964002,
posXYDebug.y[432], 0.0017816165,
posXYDebug.y[433], 0.0017670084,
posXYDebug.y[434], 0.0017522107,
posXYDebug.y[435], 0.0017372502,
posXYDebug.y[436], 0.0017221271,
posXYDebug.y[437], 0.0017068413,
posXYDebug.y[438], 0.0016917828,
posXYDebug.y[439], 0.0016761988,
posXYDebug.y[440], 0.0016608494,
posXYDebug.y[441], 0.0016449671,
posXYDebug.y[442], 0.0016293267,
posXYDebug.y[443], 0.0016131463,
posXYDebug.y[444], 0.0015968303,
posXYDebug.y[445], 0.0015799636,
posXYDebug.y[446], 0.0015641599,
posXYDebug.y[447], 0.0015474373,
posXYDebug.y[448], 0.0015310299,
posXYDebug.y[449], 0.0015141176,
posXYDebug.y[450], 0.0014970967,
posXYDebug.y[451], 0.0014795637,
posXYDebug.y[452], 0.0014623802,
posXYDebug.y[453], 0.0014451154,
posXYDebug.y[454], 0.0014273601,
posXYDebug.y[455], 0.0014095493,
posXYDebug.y[456], 0.0013908321,
posXYDebug.y[457], 0.0013737637,
posXYDebug.y[458], 0.0013566688,
posXYDebug.y[459], 0.001339133,
posXYDebug.y[460], 0.0013215701,
posXYDebug.y[461], 0.001304396,
posXYDebug.y[462], 0.0012867517,
posXYDebug.y[463], 0.0012690803,
posXYDebug.y[464], 0.0012518268,
posXYDebug.y[465], 0.0012345732,
posXYDebug.y[466], 0.001216457,
posXYDebug.y[467], 0.001199177,
posXYDebug.y[468], 0.0011814515,
posXYDebug.y[469], 0.0011646164,
posXYDebug.y[470], 0.0011482256,
posXYDebug.y[471], 0.0011314163,
posXYDebug.y[472], 0.0011142157,
posXYDebug.y[473], 0.0010983418,
posXYDebug.y[474], 0.0010820766,
posXYDebug.y[475], 0.001066276,
posXYDebug.y[476], 0.0010505244,
posXYDebug.y[477], 0.0010344099,
posXYDebug.y[478], 0.0010183707,
posXYDebug.y[479], 0.0010028393,
posXYDebug.y[480], 9.874057E-4,
posXYDebug.y[481], 9.724963E-4,
posXYDebug.y[482], 9.564347E-4,
posXYDebug.y[483], 9.4127015E-4,
posXYDebug.y[484], 9.26179E-4,
posXYDebug.y[485], 9.1076794E-4,
posXYDebug.y[486], 8.9584803E-4,
posXYDebug.y[487], 8.813909E-4,
posXYDebug.y[488], 8.662059E-4,
posXYDebug.y[489], 8.515062E-4,
posXYDebug.y[490], 8.3687983E-4,
posXYDebug.y[491], 8.2154025E-4,
posXYDebug.y[492], 8.066568E-4,
posXYDebug.y[493], 7.9101644E-4,
posXYDebug.y[494], 7.754025E-4,
posXYDebug.y[495], 7.6021766E-4,
posXYDebug.y[496], 7.450586E-4,
posXYDebug.y[497], 7.299253E-4,
posXYDebug.y[498], 7.152177E-4,
posXYDebug.y[499], 7.005604E-4,
posXYDebug.y[500], 6.8555604E-4,
posXYDebug.y[501], 6.713456E-4,
posXYDebug.y[502], 6.567888E-4,
posXYDebug.y[503], 6.4304576E-4,
posXYDebug.y[504], 6.289821E-4,
posXYDebug.y[505], 6.149918E-4,
posXYDebug.y[506], 6.0107495E-4,
posXYDebug.y[507], 5.872315E-4,
posXYDebug.y[508], 5.734614E-4,
posXYDebug.y[509], 5.601469E-4,
posXYDebug.y[510], 5.4728315E-4,
posXYDebug.y[511], 5.337578E-4,
posXYDebug.y[512], 5.210561E-4,
posXYDebug.y[513], 5.08447E-4,
posXYDebug.y[514], 4.951908E-4,
posXYDebug.y[515], 4.8235236E-4,
posXYDebug.y[516], 4.6958536E-4,
posXYDebug.y[517], 4.5654934E-4,
posXYDebug.y[518], 4.43949E-4,
posXYDebug.y[519], 4.3144386E-4,
posXYDebug.y[520], 4.193671E-4,
posXYDebug.y[521], 4.0702862E-4,
posXYDebug.y[522], 3.947854E-4,
posXYDebug.y[523], 3.8228772E-4,
posXYDebug.y[524], 3.7053504E-4,
posXYDebug.y[525], 3.588518E-4,
posXYDebug.y[526], 3.469181E-4,
posXYDebug.y[527], 3.357373E-4,
posXYDebug.y[528], 3.2464648E-4,
posXYDebug.y[529], 3.1331048E-4,
posXYDebug.y[530], 3.0237704E-4,
posXYDebug.y[531], 2.918634E-4,
posXYDebug.y[532], 2.8113238E-4,
posXYDebug.y[533], 2.705138E-4,
posXYDebug.y[534], 2.6000766E-4,
posXYDebug.y[535], 2.4990874E-4,
posXYDebug.y[536], 2.39605E-4,
posXYDebug.y[537], 2.294137E-4,
posXYDebug.y[538], 2.1992772E-4,
posXYDebug.y[539], 2.0993884E-4,
posXYDebug.y[540], 2.0003991E-4,
posXYDebug.y[541], 1.9053035E-4,
posXYDebug.y[542], 1.8112994E-4,
posXYDebug.y[543], 1.7154588E-4,
posXYDebug.y[544], 1.6234192E-4,
posXYDebug.y[545], 1.5296027E-4,
posXYDebug.y[546], 1.436686E-4,
posXYDebug.y[547], 1.3446689E-4,
posXYDebug.y[548], 1.2509873E-4,
posXYDebug.y[549], 1.16375035E-4,
posXYDebug.y[550], 1.0748821E-4,
posXYDebug.y[551], 9.8961E-5,
posXYDebug.y[552], 9.054294E-5,
posXYDebug.y[553], 8.19935E-5,
posXYDebug.y[554], 7.3556526E-5,
posXYDebug.y[555], 6.5721695E-5,
posXYDebug.y[556], 5.7762103E-5,
posXYDebug.y[557], 4.9933504E-5,
posXYDebug.y[558], 4.2235897E-5,
posXYDebug.y[559], 3.4647455E-5,
posXYDebug.y[560], 2.6714888E-5,
posXYDebug.y[561], 1.9578696E-5,
posXYDebug.y[562], 1.2339582E-5,
posXYDebug.y[563], 5.4362804E-6,
posXYDebug.y[564], -1.3611611E-6,
posXYDebug.y[565], -8.470966E-6,
posXYDebug.y[566], -1.5468291E-5,
posXYDebug.y[567], -2.216156E-5,
posXYDebug.y[568], -2.8956423E-5,
posXYDebug.y[569], -3.5266898E-5,
posXYDebug.y[570], -4.1676318E-5,
posXYDebug.y[571], -4.817873E-5,
posXYDebug.y[572], -5.4591153E-5,
posXYDebug.y[573], -6.071672E-5,
posXYDebug.y[574], -6.6926674E-5,
posXYDebug.y[575], -7.268664E-5,
posXYDebug.y[576], -7.871662E-5,
posXYDebug.y[577], -8.449282E-5,
posXYDebug.y[578], -9.001988E-5,
posXYDebug.y[579], -9.580239E-5,
posXYDebug.y[580], -1.01338395E-4,
posXYDebug.y[581], -1.06632535E-4,
posXYDebug.y[582], -1.1216757E-4,
posXYDebug.y[583], -1.1761261E-4,
posXYDebug.y[584], -1.2296766E-4,
posXYDebug.y[585], -1.2823271E-4,
posXYDebug.y[586], -1.3340778E-4,
posXYDebug.y[587], -1.3833237E-4,
posXYDebug.y[588], -1.4330495E-4,
posXYDebug.y[589], -1.4818754E-4,
posXYDebug.y[590], -1.5298012E-4,
posXYDebug.y[591], -1.5768272E-4,
posXYDebug.y[592], -1.6217057E-4,
posXYDebug.y[593], -1.6659292E-4,
posXYDebug.y[594], -1.7094974E-4,
posXYDebug.y[595], -1.7524106E-4,
posXYDebug.y[596], -1.7958367E-4,
posXYDebug.y[597], -1.8372214E-4,
posXYDebug.y[598], -1.8779509E-4,
posXYDebug.y[599], -1.916705E-4,
posXYDebug.y[600], -1.9559058E-4,
posXYDebug.y[601], -1.994233E-4,
posXYDebug.y[602], -2.0327093E-4,
posXYDebug.y[603], -2.0680751E-4,
posXYDebug.y[604], -2.1035635E-4,
posXYDebug.y[605], -2.13796E-4,
posXYDebug.y[606], -2.169246E-4,
posXYDebug.y[607], -2.2005884E-4,
posXYDebug.y[608], -2.2308719E-4,
posXYDebug.y[609], -2.2598848E-4,
posXYDebug.y[610], -2.2886033E-4,
posXYDebug.y[611], -2.3152868E-4,
posXYDebug.y[612], -2.3416031E-4,
posXYDebug.y[613], -2.3659572E-4,
posXYDebug.y[614], -2.3890406E-4,
posXYDebug.y[615], -2.4114258E-4,
posXYDebug.y[616], -2.4317561E-4,
posXYDebug.y[617], -2.4508158E-4,
posXYDebug.y[618], -2.468605E-4,
posXYDebug.y[619], -2.484091E-4,
posXYDebug.y[620], -2.4987597E-4,
posXYDebug.y[621], -2.5119924E-4,
posXYDebug.y[622], -2.52455E-4,
posXYDebug.y[623], -2.5349105E-4,
posXYDebug.y[624], -2.5436463E-4,
posXYDebug.y[625], -2.5513396E-4,
posXYDebug.y[626], -2.5574942E-4,
posXYDebug.y[627], -2.5628446E-4,
posXYDebug.y[628], -2.5668848E-4,
posXYDebug.y[629], -2.5696377E-4,
posXYDebug.y[630], -2.5711764E-4,
posXYDebug.y[631], -2.5717224E-4,
posXYDebug.y[632], -2.571087E-4,
posXYDebug.y[633], -2.5692306E-4,
posXYDebug.y[634], -2.5662655E-4,
posXYDebug.y[635], -2.5622649E-4,
posXYDebug.y[636], -2.5569703E-4,
posXYDebug.y[637], -2.5505078E-4,
posXYDebug.y[638], -2.542609E-4,
posXYDebug.y[639], -2.533079E-4,
posXYDebug.y[640], -2.5218315E-4,
posXYDebug.y[641], -2.5093366E-4,
posXYDebug.y[642], -2.4956933E-4,
posXYDebug.y[643], -2.479641E-4,
posXYDebug.y[644], -2.4620604E-4,
posXYDebug.y[645], -2.4436356E-4,
posXYDebug.y[646], -2.4237286E-4,
posXYDebug.y[647], -2.4007773E-4,
posXYDebug.y[648], -2.3783125E-4,
posXYDebug.y[649], -2.3528696E-4,
posXYDebug.y[650], -2.325898E-4,
posXYDebug.y[651], -2.2966464E-4,
posXYDebug.y[652], -2.2676332E-4,
posXYDebug.y[653], -2.2352318E-4,
posXYDebug.y[654], -2.2023638E-4,
posXYDebug.y[655], -2.1668123E-4,
posXYDebug.y[656], -2.1306686E-4,
posXYDebug.y[657], -2.091742E-4,
posXYDebug.y[658], -2.0512406E-4,
posXYDebug.y[659], -2.010511E-4,
posXYDebug.y[660], -1.9682526E-4,
posXYDebug.y[661], -1.9244658E-4,
posXYDebug.y[662], -1.8791502E-4,
posXYDebug.y[663], -1.8294671E-4,
posXYDebug.y[664], -1.7810943E-4,
posXYDebug.y[665], -1.7295685E-4,
posXYDebug.y[666], -1.6779202E-4,
posXYDebug.y[667], -1.6230196E-4,
posXYDebug.y[668], -1.5647673E-4,
posXYDebug.y[669], -1.5083152E-4,
posXYDebug.y[670], -1.4468205E-4,
posXYDebug.y[671], -1.3873115E-4,
posXYDebug.y[672], -1.3245369E-4,
posXYDebug.y[673], -1.2655577E-4,
posXYDebug.y[674], -1.2008082E-4,
posXYDebug.y[675], -1.13263435E-4,
posXYDebug.y[676], -1.06311076E-4,
posXYDebug.y[677], -9.900371E-5,
posXYDebug.y[678], -9.173641E-5,
posXYDebug.y[679], -8.45191E-5,
posXYDebug.y[680], -7.670229E-5,
posXYDebug.y[681], -6.917932E-5,
posXYDebug.y[682], -6.148169E-5,
posXYDebug.y[683], -5.3609398E-5,
posXYDebug.y[684], -4.5584282E-5,
posXYDebug.y[685], -3.7643575E-5,
posXYDebug.y[686], -2.9290986E-5,
posXYDebug.y[687], -2.0785577E-5,
posXYDebug.y[688], -1.1853738E-5,
posXYDebug.y[689], -2.9990415E-6,
posXYDebug.y[690], 6.3151583E-6,
posXYDebug.y[691], 1.5809288E-5,
posXYDebug.y[692], 2.5756297E-5,
posXYDebug.y[693], 3.5587786E-5,
posXYDebug.y[694], 4.501029E-5,
posXYDebug.y[695], 5.5201617E-5,
posXYDebug.y[696], 6.5278735E-5,
posXYDebug.y[697], 7.553047E-5,
posXYDebug.y[698], 8.5956824E-5,
posXYDebug.y[699], 9.657961E-5,
posXYDebug.y[700], 1.07060405E-4,
posXYDebug.y[701], 1.18376134E-4,
posXYDebug.y[702], 1.2954455E-4,
posXYDebug.y[703], 1.4057559E-4,
posXYDebug.y[704], 1.5215868E-4,
posXYDebug.y[705], 1.6428389E-4,
posXYDebug.y[706], 1.7551349E-4,
posXYDebug.y[707], 1.8804341E-4,
posXYDebug.y[708], 2.0002673E-4,
posXYDebug.y[709], 2.1293886E-4,
posXYDebug.y[710], 2.256567E-4,
posXYDebug.y[711], 2.3857091E-4,
posXYDebug.y[712], 2.5245294E-4,
posXYDebug.y[713], 2.6649697E-4,
posXYDebug.y[714], 2.8070298E-4,
posXYDebug.y[715], 2.950941E-4,
posXYDebug.y[716], 3.0926513E-4,
posXYDebug.y[717], 3.232048E-4,
posXYDebug.y[718], 3.377804E-4,
posXYDebug.y[719], 3.5213458E-4,
posXYDebug.y[720], 3.6711476E-4,
posXYDebug.y[721], 3.8229724E-4,
posXYDebug.y[722], 3.9768196E-4,
posXYDebug.y[723], 4.1324648E-4,
posXYDebug.y[724], 4.289908E-4,
posXYDebug.y[725], 4.4445746E-4,
posXYDebug.y[726], 4.605838E-4,
posXYDebug.y[727], 4.7688992E-4,
posXYDebug.y[728], 4.9290183E-4,
posXYDebug.y[729], 5.095899E-4,
posXYDebug.y[730], 5.2645773E-4,
posXYDebug.y[731], 5.435053E-4,
posXYDebug.y[732], 5.607326E-4,
posXYDebug.y[733], 5.781397E-4,
posXYDebug.y[734], 5.957265E-4,
posXYDebug.y[735], 6.1349303E-4,
posXYDebug.y[736], 6.3143927E-4,
posXYDebug.y[737], 6.4956525E-4,
posXYDebug.y[738], 6.678709E-4,
posXYDebug.y[739], 6.858017E-4,
posXYDebug.y[740], 7.039069E-4,
posXYDebug.y[741], 7.2218647E-4,
posXYDebug.y[742], 7.4064045E-4,
posXYDebug.y[743], 7.5984455E-4,
posXYDebug.y[744], 7.786473E-4,
posXYDebug.y[745], 7.9818827E-4,
posXYDebug.y[746], 8.179089E-4,
posXYDebug.y[747], 8.37213E-4,
posXYDebug.y[748], 8.572705E-4,
posXYDebug.y[749], 8.769015E-4,
posXYDebug.y[750], 8.955065E-4,
posXYDebug.y[751], 9.148913E-4,
posXYDebug.y[752], 9.3504536E-4,
posXYDebug.y[753], 9.5595606E-4,
posXYDebug.y[754], 9.776088E-4,
posXYDebug.y[755], 9.987665E-4,
posXYDebug.y[756], 0.0010194435,
posXYDebug.y[757], 0.001040893,
posXYDebug.y[758], 0.0010618315,
posXYDebug.y[759], 0.0010835279,
posXYDebug.y[760], 0.0011047279,
posXYDebug.y[761], 0.0011254227,
posXYDebug.y[762], 0.0011456037,
posXYDebug.y[763], 0.0011672393,
posXYDebug.y[764], 0.0011890273,
posXYDebug.y[765], 0.0012109679,
posXYDebug.y[766], 0.001232402,
posXYDebug.y[767], 0.0012546694,
posXYDebug.y[768], 0.0012770891,
posXYDebug.y[769], 0.0012996614,
posXYDebug.y[770], 0.0013230634,
posXYDebug.y[771], 0.0013452156,
posXYDebug.y[772], 0.0013682016,
posXYDebug.y[773], 0.0013913182,
posXYDebug.y[774], 0.0014152587,
posXYDebug.y[775], 0.0014386367,
posXYDebug.y[776], 0.0014614435,
posXYDebug.y[777], 0.0014858103,
posXYDebug.y[778], 0.001509602,
posXYDebug.y[779], 0.0015335242,
posXYDebug.y[780], 0.0015575772,
posXYDebug.y[781], 0.0015810385,
posXYDebug.y[782], 0.0016053744,
posXYDebug.y[783], 0.0016298409,
posXYDebug.y[784], 0.0016544381,
posXYDebug.y[785], 0.0016791659,
posXYDebug.y[786], 0.0017047663,
posXYDebug.y[787], 0.0017312235,
posXYDebug.y[788], 0.0017570258,
posXYDebug.y[789], 0.0017829402,
posXYDebug.y[790], 0.001810474,
posXYDebug.y[791], 0.0018381027,
posXYDebug.y[792], 0.0018650447,
posXYDebug.y[793], 0.0018928396,
posXYDebug.y[794], 0.0019207294,
posXYDebug.y[795], 0.0019479253,
posXYDebug.y[796], 0.0019744227,
posXYDebug.y[797], 0.00200178,
posXYDebug.y[798], 0.0020300022,
posXYDebug.y[799], 0.0020575211,
posXYDebug.y[800], 0.0020851095,
posXYDebug.y[801], 0.002111988,
posXYDebug.y[802], 0.0021397376,
posXYDebug.y[803], 0.002166773,
posXYDebug.y[804], 0.0021946842,
posXYDebug.y[805], 0.0022218542,
posXYDebug.y[806], 0.002249881,
posXYDebug.y[807], 0.0022779768,
posXYDebug.y[808], 0.002305326,
posXYDebug.y[809], 0.0023327202,
posXYDebug.y[810], 0.002359363,
posXYDebug.y[811], 0.0023868692,
posXYDebug.y[812], 0.00241442,
posXYDebug.y[813], 0.0024420158,
posXYDebug.y[814], 0.0024688544,
posXYDebug.y[815], 0.0024965622,
posXYDebug.y[816], 0.002524315,
posXYDebug.y[817], 0.002552135,
posXYDebug.y[818], 0.002580022,
posXYDebug.y[819], 0.0026071216,
posXYDebug.y[820], 0.0026359097,
posXYDebug.y[821], 0.0026630964,
posXYDebug.y[822], 0.0026911404,
posXYDebug.y[823], 0.0027200438,
posXYDebug.y[824], 0.002748155,
posXYDebug.y[825], 0.0027771278,
posXYDebug.y[826], 0.0028053063,
posXYDebug.y[827], 0.0028335073,
posXYDebug.y[828], 0.0028617305,
posXYDebug.y[829], 0.0028891563,
posXYDebug.y[830], 0.002917447,
posXYDebug.y[831], 0.0029457822,
posXYDebug.y[832], 0.00297414,
posXYDebug.y[833], 0.0030033432,
posXYDebug.y[834], 0.0030325698,
posXYDebug.y[835], 0.0030609723,
posXYDebug.y[836], 0.0030893972,
posXYDebug.y[837], 0.003117867,
posXYDebug.y[838], 0.0031463816,
posXYDebug.y[839], 0.003174941,
posXYDebug.y[840], 0.003204375,
posXYDebug.y[841], 0.0032330018,
posXYDebug.y[842], 0.0032608192,
posXYDebug.y[843], 0.0032903454,
posXYDebug.y[844], 0.003319895,
posXYDebug.y[845], 0.0033486336,
posXYDebug.y[846], 0.0033782523,
posXYDebug.y[847], 0.003407058,
posXYDebug.y[848], 0.0034367458,
posXYDebug.y[849], 0.0034655966,
posXYDebug.y[850], 0.0034961444,
posXYDebug.y[851], 0.0035275286,
posXYDebug.y[852], 0.003558029,
posXYDebug.y[853], 0.0035884818,
posXYDebug.y[854], 0.003618911,
posXYDebug.y[855], 0.003650173,
posXYDebug.y[856], 0.0036797225,
posXYDebug.y[857], 0.0037100806,
posXYDebug.y[858], 0.0037395607,
posXYDebug.y[859], 0.0037690408,
posXYDebug.y[860], 0.003798521,
posXYDebug.y[861], 0.003827978,
posXYDebug.y[862], 0.00385573,
posXYDebug.y[863], 0.003885993,
posXYDebug.y[864], 0.003914575,
posXYDebug.y[865], 0.0039448147,
posXYDebug.y[866], 0.0039741793,
posXYDebug.y[867], 0.0040043714,
posXYDebug.y[868], 0.00403369,
posXYDebug.y[869], 0.0040629623,
posXYDebug.y[870], 0.004093883,
posXYDebug.y[871], 0.0041231094,
posXYDebug.y[872], 0.004152313,
posXYDebug.y[873], 0.004181493,
posXYDebug.y[874], 0.0042123166,
posXYDebug.y[875], 0.004242295,
posXYDebug.y[876], 0.0042722733,
posXYDebug.y[877], 0.004303072,
posXYDebug.y[878], 0.0043330267,
posXYDebug.y[879], 0.0043638013,
posXYDebug.y[880], 0.0043928893,
posXYDebug.y[881], 0.004423615,
posXYDebug.y[882], 0.0044543166,
posXYDebug.y[883], 0.0044849934,
posXYDebug.y[884], 0.004514806,
posXYDebug.y[885], 0.0045454097,
posXYDebug.y[886], 0.004575151,
posXYDebug.y[887], 0.004604845,
posXYDebug.y[888], 0.0046353266,
posXYDebug.y[889], 0.004665784,
posXYDebug.y[890], 0.0046962174,
posXYDebug.y[891], 0.0047266018,
posXYDebug.y[892], 0.0047569373,
posXYDebug.y[893], 0.004787224,
posXYDebug.y[894], 0.004817462,
posXYDebug.y[895], 0.0048476513,
posXYDebug.y[896], 0.0048777917,
posXYDebug.y[897], 0.0049078832,
posXYDebug.y[898], 0.0049379263,
posXYDebug.y[899], 0.0049679205,
posXYDebug.y[900], 0.0049978415,
posXYDebug.y[901], 0.0050277137,
posXYDebug.y[902], 0.0050583556,
posXYDebug.y[903], 0.0050889477,
posXYDebug.y[904], 0.005118698,
posXYDebug.y[905], 0.0051500304,
posXYDebug.y[906], 0.0051813116,
posXYDebug.y[907], 0.005211728,
posXYDebug.y[908], 0.0052436925,
posXYDebug.y[909], 0.005274009,
posXYDebug.y[910], 0.00530425,
posXYDebug.y[911], 0.005334416,
posXYDebug.y[912], 0.0053653116,
posXYDebug.y[913], 0.0053953524,
posXYDebug.y[914], 0.0054245414,
posXYDebug.y[915], 0.005454457,
posXYDebug.y[916], 0.005484322,
posXYDebug.y[917], 0.0055133402,
posXYDebug.y[918], 0.00554385,
posXYDebug.y[919], 0.005573515,
posXYDebug.y[920], 0.0056031044,
posXYDebug.y[921], 0.005632619,
posXYDebug.y[922], 0.005662846,
posXYDebug.y[923], 0.00569221,
posXYDebug.y[924], 0.005720716,
posXYDebug.y[925], 0.0057499297,
posXYDebug.y[926], 0.0057783136,
posXYDebug.y[927], 0.0058066244,
posXYDebug.y[928], 0.005834862,
posXYDebug.y[929], 0.005863775,
posXYDebug.y[930], 0.005891842,
posXYDebug.y[931], 0.005920579,
posXYDebug.y[932], 0.0059492416,
posXYDebug.y[933], 0.005977829,
posXYDebug.y[934], 0.0060070786,
posXYDebug.y[935], 0.006036251,
posXYDebug.y[936], 0.0060645873,
posXYDebug.y[937], 0.0060928487,
posXYDebug.y[938], 0.0061210347,
posXYDebug.y[939], 0.0061498727,
posXYDebug.y[940], 0.0061786333,
posXYDebug.y[941], 0.006208039,
posXYDebug.y[942], 0.0062358743,
posXYDebug.y[943], 0.0062628915,
posXYDebug.y[944], 0.0062905513,
posXYDebug.y[945], 0.006319561,
posXYDebug.y[946], 0.00634773,
posXYDebug.y[947], 0.006376502,
posXYDebug.y[948], 0.0064044395,
posXYDebug.y[949], 0.006432274,
posXYDebug.y[950], 0.006460031,
posXYDebug.y[951], 0.0064884075,
posXYDebug.y[952], 0.0065166783,
posXYDebug.y[953], 0.006543435,
posXYDebug.y[954], 0.006571495,
posXYDebug.y[955], 0.006598763,
posXYDebug.y[956], 0.0066259285,
posXYDebug.y[957], 0.0066543515,
posXYDebug.y[958], 0.0066812593,
posXYDebug.y[959], 0.0067100846,
posXYDebug.y[960], 0.0067387437,
posXYDebug.y[961], 0.0067679007,
posXYDebug.y[962], 0.0067961994,
posXYDebug.y[963], 0.006825016,
posXYDebug.y[964], 0.0068530096,
posXYDebug.y[965], 0.006880188,
posXYDebug.y[966], 0.0069079045,
posXYDebug.y[967], 0.0069348393,
posXYDebug.y[968], 0.0069616386,
posXYDebug.y[969], 0.006988303,
posXYDebug.y[970], 0.007014171,
posXYDebug.y[971], 0.0070405374,
posXYDebug.y[972], 0.0070667686,
posXYDebug.y[973], 0.007093515,
posXYDebug.y[974], 0.007119502,
posXYDebug.y[975], 0.0071459706,
posXYDebug.y[976], 0.007171047,
posXYDebug.y[977], 0.0071972385,
posXYDebug.y[978], 0.0072232634,
posXYDebug.y[979], 0.007249752,
posXYDebug.y[980], 0.007275472,
posXYDebug.y[981], 0.0073010256,
posXYDebug.y[982], 0.0073270313,
posXYDebug.y[983], 0.00735228,
posXYDebug.y[984], 0.0073767784,
posXYDebug.y[985], 0.0074017216,
posXYDebug.y[986], 0.0074264985,
posXYDebug.y[987], 0.0074505364,
posXYDebug.y[988], 0.0074750083,
posXYDebug.y[989], 0.0074987486,
posXYDebug.y[990], 0.007522943,
posXYDebug.y[991], 0.007545853,
posXYDebug.y[992], 0.0075697424,
posXYDebug.y[993], 0.007593465,
posXYDebug.y[994], 0.007616474,
posXYDebug.y[995], 0.0076398915,
posXYDebug.y[996], 0.0076637105,
posXYDebug.y[997], 0.0076868227,
posXYDebug.y[998], 0.007711363,
posXYDebug.y[999], 0.0077356356,
