speedDebug.cons_vt[0], 0.0,
speedDebug.cons_vt[1], 0.099999994,
speedDebug.cons_vt[2], 0.19999999,
speedDebug.cons_vt[3], 0.29999998,
speedDebug.cons_vt[4], 0.39999998,
speedDebug.cons_vt[5], 0.49999997,
speedDebug.cons_vt[6], 0.59999996,
speedDebug.cons_vt[7], 0.6999999,
speedDebug.cons_vt[8], 0.79999995,
speedDebug.cons_vt[9], 0.9,
speedDebug.cons_vt[10], 1.0,
speedDebug.cons_vt[11], 1.1,
speedDebug.cons_vt[12], 1.2,
speedDebug.cons_vt[13], 1.3000001,
speedDebug.cons_vt[14], 1.4000001,
speedDebug.cons_vt[15], 1.5000001,
speedDebug.cons_vt[16], 1.6000001,
speedDebug.cons_vt[17], 1.7000002,
speedDebug.cons_vt[18], 1.8000002,
speedDebug.cons_vt[19], 1.9000002,
speedDebug.cons_vt[20], 2.0000002,
speedDebug.cons_vt[21], 2.1000001,
speedDebug.cons_vt[22], 2.2,
speedDebug.cons_vt[23], 2.3,
speedDebug.cons_vt[24], 2.3999999,
speedDebug.cons_vt[25], 2.4999998,
speedDebug.cons_vt[26], 2.5999997,
speedDebug.cons_vt[27], 2.6999996,
speedDebug.cons_vt[28], 2.7999995,
speedDebug.cons_vt[29], 2.8999994,
speedDebug.cons_vt[30], 2.9999993,
speedDebug.cons_vt[31], 3.0999992,
speedDebug.cons_vt[32], 3.199999,
speedDebug.cons_vt[33], 3.299999,
speedDebug.cons_vt[34], 3.399999,
speedDebug.cons_vt[35], 3.4999988,
speedDebug.cons_vt[36], 3.5999987,
speedDebug.cons_vt[37], 3.6999986,
speedDebug.cons_vt[38], 3.7999985,
speedDebug.cons_vt[39], 3.8999984,
speedDebug.cons_vt[40], 3.9999983,
speedDebug.cons_vt[41], 4.0999985,
speedDebug.cons_vt[42], 4.1999984,
speedDebug.cons_vt[43], 4.2999983,
speedDebug.cons_vt[44], 4.399998,
speedDebug.cons_vt[45], 4.499998,
speedDebug.cons_vt[46], 4.599998,
speedDebug.cons_vt[47], 4.699998,
speedDebug.cons_vt[48], 4.799998,
speedDebug.cons_vt[49], 4.8999977,
speedDebug.cons_vt[50], 4.9999976,
speedDebug.cons_vt[51], 5.0,
speedDebug.cons_vt[52], 5.0,
speedDebug.cons_vt[53], 5.0,
speedDebug.cons_vt[54], 5.0,
speedDebug.cons_vt[55], 5.0,
speedDebug.cons_vt[56], 5.0,
speedDebug.cons_vt[57], 5.0,
speedDebug.cons_vt[58], 5.0,
speedDebug.cons_vt[59], 5.0,
speedDebug.cons_vt[60], 5.0,
speedDebug.cons_vt[61], 5.0,
speedDebug.cons_vt[62], 5.0,
speedDebug.cons_vt[63], 5.0,
speedDebug.cons_vt[64], 5.0,
speedDebug.cons_vt[65], 5.0,
speedDebug.cons_vt[66], 5.0,
speedDebug.cons_vt[67], 5.0,
speedDebug.cons_vt[68], 5.0,
speedDebug.cons_vt[69], 5.0,
speedDebug.cons_vt[70], 5.0,
speedDebug.cons_vt[71], 5.0,
speedDebug.cons_vt[72], 5.0,
speedDebug.cons_vt[73], 5.0,
speedDebug.cons_vt[74], 5.0,
speedDebug.cons_vt[75], 5.0,
speedDebug.cons_vt[76], 5.0,
speedDebug.cons_vt[77], 5.0,
speedDebug.cons_vt[78], 5.0,
speedDebug.cons_vt[79], 5.0,
speedDebug.cons_vt[80], 5.0,
speedDebug.cons_vt[81], 5.0,
speedDebug.cons_vt[82], 5.0,
speedDebug.cons_vt[83], 5.0,
speedDebug.cons_vt[84], 5.0,
speedDebug.cons_vt[85], 5.0,
speedDebug.cons_vt[86], 5.0,
speedDebug.cons_vt[87], 5.0,
speedDebug.cons_vt[88], 5.0,
speedDebug.cons_vt[89], 5.0,
speedDebug.cons_vt[90], 5.0,
speedDebug.cons_vt[91], 5.0,
speedDebug.cons_vt[92], 5.0,
speedDebug.cons_vt[93], 5.0,
speedDebug.cons_vt[94], 5.0,
speedDebug.cons_vt[95], 5.0,
speedDebug.cons_vt[96], 5.0,
speedDebug.cons_vt[97], 5.0,
speedDebug.cons_vt[98], 5.0,
speedDebug.cons_vt[99], 5.0,
speedDebug.cons_vt[100], 5.0,
speedDebug.cons_vt[101], 5.0,
speedDebug.cons_vt[102], 5.0,
speedDebug.cons_vt[103], 5.0,
speedDebug.cons_vt[104], 5.0,
speedDebug.cons_vt[105], 5.0,
speedDebug.cons_vt[106], 5.0,
speedDebug.cons_vt[107], 5.0,
speedDebug.cons_vt[108], 5.0,
speedDebug.cons_vt[109], 5.0,
speedDebug.cons_vt[110], 5.0,
speedDebug.cons_vt[111], 5.0,
speedDebug.cons_vt[112], 5.0,
speedDebug.cons_vt[113], 5.0,
speedDebug.cons_vt[114], 5.0,
speedDebug.cons_vt[115], 5.0,
speedDebug.cons_vt[116], 5.0,
speedDebug.cons_vt[117], 5.0,
speedDebug.cons_vt[118], 5.0,
speedDebug.cons_vt[119], 5.0,
speedDebug.cons_vt[120], 5.0,
speedDebug.cons_vt[121], 5.0,
speedDebug.cons_vt[122], 5.0,
speedDebug.cons_vt[123], 5.0,
speedDebug.cons_vt[124], 5.0,
speedDebug.cons_vt[125], 5.0,
speedDebug.cons_vt[126], 5.0,
speedDebug.cons_vt[127], 5.0,
speedDebug.cons_vt[128], 5.0,
speedDebug.cons_vt[129], 5.0,
speedDebug.cons_vt[130], 5.0,
speedDebug.cons_vt[131], 5.0,
speedDebug.cons_vt[132], 5.0,
speedDebug.cons_vt[133], 5.0,
speedDebug.cons_vt[134], 5.0,
speedDebug.cons_vt[135], 5.0,
speedDebug.cons_vt[136], 5.0,
speedDebug.cons_vt[137], 5.0,
speedDebug.cons_vt[138], 5.0,
speedDebug.cons_vt[139], 5.0,
speedDebug.cons_vt[140], 5.0,
speedDebug.cons_vt[141], 5.0,
speedDebug.cons_vt[142], 5.0,
speedDebug.cons_vt[143], 5.0,
speedDebug.cons_vt[144], 5.0,
speedDebug.cons_vt[145], 5.0,
speedDebug.cons_vt[146], 5.0,
speedDebug.cons_vt[147], 5.0,
speedDebug.cons_vt[148], 5.0,
speedDebug.cons_vt[149], 5.0,
speedDebug.cons_vt[150], 5.0,
speedDebug.cons_vt[151], 5.0,
speedDebug.cons_vt[152], 5.0,
speedDebug.cons_vt[153], 5.0,
speedDebug.cons_vt[154], 5.0,
speedDebug.cons_vt[155], 5.0,
speedDebug.cons_vt[156], 5.0,
speedDebug.cons_vt[157], 5.0,
speedDebug.cons_vt[158], 5.0,
speedDebug.cons_vt[159], 5.0,
speedDebug.cons_vt[160], 5.0,
speedDebug.cons_vt[161], 5.0,
speedDebug.cons_vt[162], 5.0,
speedDebug.cons_vt[163], 5.0,
speedDebug.cons_vt[164], 5.0,
speedDebug.cons_vt[165], 5.0,
speedDebug.cons_vt[166], 5.0,
speedDebug.cons_vt[167], 5.0,
speedDebug.cons_vt[168], 5.0,
speedDebug.cons_vt[169], 5.0,
speedDebug.cons_vt[170], 5.0,
speedDebug.cons_vt[171], 5.0,
speedDebug.cons_vt[172], 5.0,
speedDebug.cons_vt[173], 5.0,
speedDebug.cons_vt[174], 5.0,
speedDebug.cons_vt[175], 5.0,
speedDebug.cons_vt[176], 5.0,
speedDebug.cons_vt[177], 5.0,
speedDebug.cons_vt[178], 5.0,
speedDebug.cons_vt[179], 5.0,
speedDebug.cons_vt[180], 5.0,
speedDebug.cons_vt[181], 5.0,
speedDebug.cons_vt[182], 5.0,
speedDebug.cons_vt[183], 5.0,
speedDebug.cons_vt[184], 5.0,
speedDebug.cons_vt[185], 5.0,
speedDebug.cons_vt[186], 5.0,
speedDebug.cons_vt[187], 5.0,
speedDebug.cons_vt[188], 5.0,
speedDebug.cons_vt[189], 5.0,
speedDebug.cons_vt[190], 5.0,
speedDebug.cons_vt[191], 5.0,
speedDebug.cons_vt[192], 5.0,
speedDebug.cons_vt[193], 5.0,
speedDebug.cons_vt[194], 5.0,
speedDebug.cons_vt[195], 5.0,
speedDebug.cons_vt[196], 5.0,
speedDebug.cons_vt[197], 5.0,
speedDebug.cons_vt[198], 5.0,
speedDebug.cons_vt[199], 5.0,
speedDebug.cons_vt[200], 5.0,
speedDebug.cons_vt[201], 5.0,
speedDebug.cons_vt[202], 5.0,
speedDebug.cons_vt[203], 5.0,
speedDebug.cons_vt[204], 5.0,
speedDebug.cons_vt[205], 5.0,
speedDebug.cons_vt[206], 5.0,
speedDebug.cons_vt[207], 5.0,
speedDebug.cons_vt[208], 5.0,
speedDebug.cons_vt[209], 5.0,
speedDebug.cons_vt[210], 5.0,
speedDebug.cons_vt[211], 5.0,
speedDebug.cons_vt[212], 5.0,
speedDebug.cons_vt[213], 5.0,
speedDebug.cons_vt[214], 5.0,
speedDebug.cons_vt[215], 5.0,
speedDebug.cons_vt[216], 5.0,
speedDebug.cons_vt[217], 5.0,
speedDebug.cons_vt[218], 5.0,
speedDebug.cons_vt[219], 5.0,
speedDebug.cons_vt[220], 5.0,
speedDebug.cons_vt[221], 5.0,
speedDebug.cons_vt[222], 5.0,
speedDebug.cons_vt[223], 5.0,
speedDebug.cons_vt[224], 5.0,
speedDebug.cons_vt[225], 5.0,
speedDebug.cons_vt[226], 5.0,
speedDebug.cons_vt[227], 5.0,
speedDebug.cons_vt[228], 5.0,
speedDebug.cons_vt[229], 5.0,
speedDebug.cons_vt[230], 5.0,
speedDebug.cons_vt[231], 5.0,
speedDebug.cons_vt[232], 5.0,
speedDebug.cons_vt[233], 5.0,
speedDebug.cons_vt[234], 5.0,
speedDebug.cons_vt[235], 5.0,
speedDebug.cons_vt[236], 5.0,
speedDebug.cons_vt[237], 5.0,
speedDebug.cons_vt[238], 5.0,
speedDebug.cons_vt[239], 5.0,
speedDebug.cons_vt[240], 5.0,
speedDebug.cons_vt[241], 5.0,
speedDebug.cons_vt[242], 5.0,
speedDebug.cons_vt[243], 5.0,
speedDebug.cons_vt[244], 5.0,
speedDebug.cons_vt[245], 5.0,
speedDebug.cons_vt[246], 5.0,
speedDebug.cons_vt[247], 5.0,
speedDebug.cons_vt[248], 5.0,
speedDebug.cons_vt[249], 5.0,
speedDebug.cons_vt[250], 5.0,
speedDebug.cons_vt[251], 5.0,
speedDebug.cons_vt[252], 5.0,
speedDebug.cons_vt[253], 5.0,
speedDebug.cons_vt[254], 5.0,
speedDebug.cons_vt[255], 5.0,
speedDebug.cons_vt[256], 5.0,
speedDebug.cons_vt[257], 5.0,
speedDebug.cons_vt[258], 5.0,
speedDebug.cons_vt[259], 5.0,
speedDebug.cons_vt[260], 5.0,
speedDebug.cons_vt[261], 5.0,
speedDebug.cons_vt[262], 5.0,
speedDebug.cons_vt[263], 5.0,
speedDebug.cons_vt[264], 5.0,
speedDebug.cons_vt[265], 5.0,
speedDebug.cons_vt[266], 5.0,
speedDebug.cons_vt[267], 5.0,
speedDebug.cons_vt[268], 5.0,
speedDebug.cons_vt[269], 5.0,
speedDebug.cons_vt[270], 5.0,
speedDebug.cons_vt[271], 5.0,
speedDebug.cons_vt[272], 5.0,
speedDebug.cons_vt[273], 5.0,
speedDebug.cons_vt[274], 5.0,
speedDebug.cons_vt[275], 5.0,
speedDebug.cons_vt[276], 5.0,
speedDebug.cons_vt[277], 5.0,
speedDebug.cons_vt[278], 5.0,
speedDebug.cons_vt[279], 5.0,
speedDebug.cons_vt[280], 5.0,
speedDebug.cons_vt[281], 5.0,
speedDebug.cons_vt[282], 5.0,
speedDebug.cons_vt[283], 5.0,
speedDebug.cons_vt[284], 5.0,
speedDebug.cons_vt[285], 5.0,
speedDebug.cons_vt[286], 5.0,
speedDebug.cons_vt[287], 5.0,
speedDebug.cons_vt[288], 5.0,
speedDebug.cons_vt[289], 5.0,
speedDebug.cons_vt[290], 5.0,
speedDebug.cons_vt[291], 5.0,
speedDebug.cons_vt[292], 5.0,
speedDebug.cons_vt[293], 5.0,
speedDebug.cons_vt[294], 5.0,
speedDebug.cons_vt[295], 5.0,
speedDebug.cons_vt[296], 5.0,
speedDebug.cons_vt[297], 5.0,
speedDebug.cons_vt[298], 5.0,
speedDebug.cons_vt[299], 5.0,
speedDebug.cons_vt[300], 5.0,
speedDebug.cons_vt[301], 5.0,
speedDebug.cons_vt[302], 5.0,
speedDebug.cons_vt[303], 5.0,
speedDebug.cons_vt[304], 5.0,
speedDebug.cons_vt[305], 5.0,
speedDebug.cons_vt[306], 5.0,
speedDebug.cons_vt[307], 5.0,
speedDebug.cons_vt[308], 5.0,
speedDebug.cons_vt[309], 5.0,
speedDebug.cons_vt[310], 5.0,
speedDebug.cons_vt[311], 5.0,
speedDebug.cons_vt[312], 5.0,
speedDebug.cons_vt[313], 5.0,
speedDebug.cons_vt[314], 5.0,
speedDebug.cons_vt[315], 5.0,
speedDebug.cons_vt[316], 5.0,
speedDebug.cons_vt[317], 5.0,
speedDebug.cons_vt[318], 5.0,
speedDebug.cons_vt[319], 5.0,
speedDebug.cons_vt[320], 5.0,
speedDebug.cons_vt[321], 5.0,
speedDebug.cons_vt[322], 5.0,
speedDebug.cons_vt[323], 5.0,
speedDebug.cons_vt[324], 5.0,
speedDebug.cons_vt[325], 5.0,
speedDebug.cons_vt[326], 5.0,
speedDebug.cons_vt[327], 5.0,
speedDebug.cons_vt[328], 5.0,
speedDebug.cons_vt[329], 5.0,
speedDebug.cons_vt[330], 5.0,
speedDebug.cons_vt[331], 5.0,
speedDebug.cons_vt[332], 5.0,
speedDebug.cons_vt[333], 5.0,
speedDebug.cons_vt[334], 5.0,
speedDebug.cons_vt[335], 5.0,
speedDebug.cons_vt[336], 5.0,
speedDebug.cons_vt[337], 5.0,
speedDebug.cons_vt[338], 5.0,
speedDebug.cons_vt[339], 5.0,
speedDebug.cons_vt[340], 5.0,
speedDebug.cons_vt[341], 5.0,
speedDebug.cons_vt[342], 5.0,
speedDebug.cons_vt[343], 5.0,
speedDebug.cons_vt[344], 5.0,
speedDebug.cons_vt[345], 5.0,
speedDebug.cons_vt[346], 5.0,
speedDebug.cons_vt[347], 5.0,
speedDebug.cons_vt[348], 5.0,
speedDebug.cons_vt[349], 5.0,
speedDebug.cons_vt[350], 5.0,
speedDebug.cons_vt[351], 5.0,
speedDebug.cons_vt[352], 5.0,
speedDebug.cons_vt[353], 5.0,
speedDebug.cons_vt[354], 5.0,
speedDebug.cons_vt[355], 5.0,
speedDebug.cons_vt[356], 5.0,
speedDebug.cons_vt[357], 5.0,
speedDebug.cons_vt[358], 5.0,
speedDebug.cons_vt[359], 5.0,
speedDebug.cons_vt[360], 5.0,
speedDebug.cons_vt[361], 5.0,
speedDebug.cons_vt[362], 5.0,
speedDebug.cons_vt[363], 5.0,
speedDebug.cons_vt[364], 5.0,
speedDebug.cons_vt[365], 5.0,
speedDebug.cons_vt[366], 5.0,
speedDebug.cons_vt[367], 5.0,
speedDebug.cons_vt[368], 5.0,
speedDebug.cons_vt[369], 5.0,
speedDebug.cons_vt[370], 5.0,
speedDebug.cons_vt[371], 5.0,
speedDebug.cons_vt[372], 5.0,
speedDebug.cons_vt[373], 5.0,
speedDebug.cons_vt[374], 5.0,
speedDebug.cons_vt[375], 5.0,
speedDebug.cons_vt[376], 5.0,
speedDebug.cons_vt[377], 5.0,
speedDebug.cons_vt[378], 5.0,
speedDebug.cons_vt[379], 5.0,
speedDebug.cons_vt[380], 5.0,
speedDebug.cons_vt[381], 5.0,
speedDebug.cons_vt[382], 5.0,
speedDebug.cons_vt[383], 5.0,
speedDebug.cons_vt[384], 5.0,
speedDebug.cons_vt[385], 5.0,
speedDebug.cons_vt[386], 5.0,
speedDebug.cons_vt[387], 5.0,
speedDebug.cons_vt[388], 5.0,
speedDebug.cons_vt[389], 5.0,
speedDebug.cons_vt[390], 5.0,
speedDebug.cons_vt[391], 5.0,
speedDebug.cons_vt[392], 5.0,
speedDebug.cons_vt[393], 5.0,
speedDebug.cons_vt[394], 5.0,
speedDebug.cons_vt[395], 5.0,
speedDebug.cons_vt[396], 5.0,
speedDebug.cons_vt[397], 5.0,
speedDebug.cons_vt[398], 5.0,
speedDebug.cons_vt[399], 5.0,
