posXYDebug.y[0], 9.927072E-10,
posXYDebug.y[1], 9.927072E-10,
posXYDebug.y[2], 6.6180483E-10,
posXYDebug.y[3], 8.93437E-9,
posXYDebug.y[4], 8.835097E-8,
posXYDebug.y[5], 2.9913582E-7,
posXYDebug.y[6], 6.674302E-7,
posXYDebug.y[7], 1.229964E-6,
posXYDebug.y[8], 2.1217454E-6,
posXYDebug.y[9], 3.357664E-6,
posXYDebug.y[10], 4.9698156E-6,
posXYDebug.y[11], 7.1752684E-6,
posXYDebug.y[12], 1.0006776E-5,
posXYDebug.y[13], 1.3646653E-5,
posXYDebug.y[14], 1.8602144E-5,
posXYDebug.y[15], 2.5754702E-5,
posXYDebug.y[16], 3.5841782E-5,
posXYDebug.y[17], 5.0506053E-5,
posXYDebug.y[18], 7.096876E-5,
posXYDebug.y[19], 9.99467E-5,
posXYDebug.y[20], 1.3779786E-4,
posXYDebug.y[21], 1.8663646E-4,
posXYDebug.y[22], 2.4876848E-4,
posXYDebug.y[23], 3.1965406E-4,
posXYDebug.y[24], 4.063539E-4,
posXYDebug.y[25], 4.983667E-4,
posXYDebug.y[26], 6.086862E-4,
posXYDebug.y[27], 7.2787545E-4,
posXYDebug.y[28], 8.60039E-4,
posXYDebug.y[29], 9.996413E-4,
posXYDebug.y[30], 0.0011517409,
posXYDebug.y[31], 0.0013112307,
posXYDebug.y[32], 0.0014745087,
posXYDebug.y[33], 0.0016569165,
posXYDebug.y[34], 0.0018573256,
posXYDebug.y[35], 0.002066879,
posXYDebug.y[36], 0.0022960803,
posXYDebug.y[37], 0.0025493328,
posXYDebug.y[38], 0.0028304555,
posXYDebug.y[39], 0.0031404286,
posXYDebug.y[40], 0.0034757433,
posXYDebug.y[41], 0.0038372285,
posXYDebug.y[42], 0.00422401,
posXYDebug.y[43], 0.0046140654,
posXYDebug.y[44], 0.0050391355,
posXYDebug.y[45], 0.0054662176,
posXYDebug.y[46], 0.005884562,
posXYDebug.y[47], 0.006347275,
posXYDebug.y[48], 0.0068103583,
posXYDebug.y[49], 0.007281266,
posXYDebug.y[50], 0.0077764792,
posXYDebug.y[51], 0.008274173,
posXYDebug.y[52], 0.008761798,
posXYDebug.y[53], 0.009295052,
posXYDebug.y[54], 0.009866044,
posXYDebug.y[55], 0.010393471,
posXYDebug.y[56], 0.010954759,
posXYDebug.y[57], 0.01154844,
posXYDebug.y[58], 0.0121689765,
posXYDebug.y[59], 0.01286002,
posXYDebug.y[60], 0.01357225,
posXYDebug.y[61], 0.0142813455,
posXYDebug.y[62], 0.015057526,
posXYDebug.y[63], 0.01586538,
posXYDebug.y[64], 0.016642619,
posXYDebug.y[65], 0.017503798,
posXYDebug.y[66], 0.018397802,
posXYDebug.y[67], 0.019312156,
posXYDebug.y[68], 0.020251596,
posXYDebug.y[69], 0.0211955,
posXYDebug.y[70], 0.022148713,
posXYDebug.y[71], 0.023119656,
posXYDebug.y[72], 0.024144072,
posXYDebug.y[73], 0.025165638,
posXYDebug.y[74], 0.026278535,
posXYDebug.y[75], 0.027435891,
posXYDebug.y[76], 0.028584642,
posXYDebug.y[77], 0.029859502,
posXYDebug.y[78], 0.031144846,
posXYDebug.y[79], 0.03246047,
posXYDebug.y[80], 0.033823304,
posXYDebug.y[81], 0.035170134,
posXYDebug.y[82], 0.036533494,
posXYDebug.y[83], 0.037949108,
posXYDebug.y[84], 0.039395556,
posXYDebug.y[85], 0.040858313,
posXYDebug.y[86], 0.042320583,
posXYDebug.y[87], 0.04384258,
posXYDebug.y[88], 0.04532148,
posXYDebug.y[89], 0.046844795,
posXYDebug.y[90], 0.048452165,
posXYDebug.y[91], 0.050051093,
posXYDebug.y[92], 0.051699016,
posXYDebug.y[93], 0.053334046,
posXYDebug.y[94], 0.05491525,
posXYDebug.y[95], 0.05657536,
posXYDebug.y[96], 0.058270752,
posXYDebug.y[97], 0.059928168,
posXYDebug.y[98], 0.061609205,
posXYDebug.y[99], 0.0633437,
posXYDebug.y[100], 0.06502946,
posXYDebug.y[101], 0.0667635,
posXYDebug.y[102], 0.068486914,
posXYDebug.y[103], 0.07018699,
posXYDebug.y[104], 0.07192476,
posXYDebug.y[105], 0.07365538,
posXYDebug.y[106], 0.07539284,
posXYDebug.y[107], 0.0772088,
posXYDebug.y[108], 0.079014994,
posXYDebug.y[109], 0.080815956,
posXYDebug.y[110], 0.08257382,
posXYDebug.y[111], 0.08442344,
posXYDebug.y[112], 0.086292714,
posXYDebug.y[113], 0.0881463,
posXYDebug.y[114], 0.090009086,
posXYDebug.y[115], 0.091881424,
posXYDebug.y[116], 0.09377849,
posXYDebug.y[117], 0.0956872,
posXYDebug.y[118], 0.09758278,
posXYDebug.y[119], 0.099548645,
posXYDebug.y[120], 0.10151935,
posXYDebug.y[121], 0.103442326,
posXYDebug.y[122], 0.10545268,
posXYDebug.y[123], 0.107441716,
posXYDebug.y[124], 0.109459765,
posXYDebug.y[125], 0.11141232,
posXYDebug.y[126], 0.11336823,
posXYDebug.y[127], 0.11537292,
posXYDebug.y[128], 0.117381394,
posXYDebug.y[129], 0.11938139,
posXYDebug.y[130], 0.12140598,
posXYDebug.y[131], 0.123454586,
posXYDebug.y[132], 0.12545678,
posXYDebug.y[133], 0.12746124,
posXYDebug.y[134], 0.1294988,
posXYDebug.y[135], 0.13149197,
posXYDebug.y[136], 0.13355753,
posXYDebug.y[137], 0.13562025,
posXYDebug.y[138], 0.13766694,
posXYDebug.y[139], 0.13969867,
posXYDebug.y[140], 0.14176238,
posXYDebug.y[141], 0.14382012,
posXYDebug.y[142], 0.14590336,
posXYDebug.y[143], 0.1479779,
posXYDebug.y[144], 0.15003715,
posXYDebug.y[145], 0.15208739,
posXYDebug.y[146], 0.1541255,
posXYDebug.y[147], 0.15618308,
posXYDebug.y[148], 0.15825626,
posXYDebug.y[149], 0.16033533,
posXYDebug.y[150], 0.1624061,
posXYDebug.y[151], 0.16443226,
posXYDebug.y[152], 0.16652857,
posXYDebug.y[153], 0.16864096,
posXYDebug.y[154], 0.17066693,
posXYDebug.y[155], 0.17264454,
posXYDebug.y[156], 0.17471167,
posXYDebug.y[157], 0.17671369,
posXYDebug.y[158], 0.17871468,
posXYDebug.y[159], 0.1807338,
posXYDebug.y[160], 0.18277483,
posXYDebug.y[161], 0.18481828,
posXYDebug.y[162], 0.1868206,
posXYDebug.y[163], 0.1888579,
posXYDebug.y[164], 0.19086185,
posXYDebug.y[165], 0.19291224,
posXYDebug.y[166], 0.19494604,
posXYDebug.y[167], 0.19700433,
posXYDebug.y[168], 0.19904694,
posXYDebug.y[169], 0.20113747,
posXYDebug.y[170], 0.20324086,
posXYDebug.y[171], 0.20536208,
posXYDebug.y[172], 0.20746455,
posXYDebug.y[173], 0.20959367,
posXYDebug.y[174], 0.21173328,
posXYDebug.y[175], 0.21384636,
posXYDebug.y[176], 0.21600309,
posXYDebug.y[177], 0.21818042,
posXYDebug.y[178], 0.22037123,
posXYDebug.y[179], 0.22255869,
posXYDebug.y[180], 0.22469409,
posXYDebug.y[181], 0.22694556,
posXYDebug.y[182], 0.22913617,
posXYDebug.y[183], 0.23129785,
posXYDebug.y[184], 0.2334446,
posXYDebug.y[185], 0.23554997,
posXYDebug.y[186], 0.23770888,
posXYDebug.y[187], 0.23977774,
posXYDebug.y[188], 0.24194428,
posXYDebug.y[189], 0.24406475,
posXYDebug.y[190], 0.24612665,
posXYDebug.y[191], 0.24822524,
posXYDebug.y[192], 0.25029197,
posXYDebug.y[193], 0.2523255,
posXYDebug.y[194], 0.25437877,
posXYDebug.y[195], 0.25643837,
posXYDebug.y[196], 0.2584445,
posXYDebug.y[197], 0.26050702,
posXYDebug.y[198], 0.26254502,
posXYDebug.y[199], 0.2646036,
posXYDebug.y[200], 0.26668006,
posXYDebug.y[201], 0.2687348,
posXYDebug.y[202], 0.27079228,
posXYDebug.y[203], 0.2728893,
posXYDebug.y[204], 0.27493456,
posXYDebug.y[205], 0.27701983,
posXYDebug.y[206], 0.27914166,
posXYDebug.y[207], 0.2812712,
posXYDebug.y[208], 0.28336132,
posXYDebug.y[209], 0.2854472,
posXYDebug.y[210], 0.28760907,
posXYDebug.y[211], 0.28974378,
posXYDebug.y[212], 0.29187733,
posXYDebug.y[213], 0.2939856,
posXYDebug.y[214], 0.2960623,
posXYDebug.y[215], 0.2981131,
posXYDebug.y[216], 0.29998985,
posXYDebug.y[217], 0.30176795,
posXYDebug.y[218], 0.30344334,
posXYDebug.y[219], 0.30503276,
posXYDebug.y[220], 0.30654028,
posXYDebug.y[221], 0.30798087,
posXYDebug.y[222], 0.3094329,
posXYDebug.y[223], 0.3109569,
posXYDebug.y[224], 0.3124595,
posXYDebug.y[225], 0.3140161,
posXYDebug.y[226], 0.31568372,
posXYDebug.y[227], 0.31741887,
posXYDebug.y[228], 0.31913015,
posXYDebug.y[229], 0.32100868,
posXYDebug.y[230], 0.32289368,
posXYDebug.y[231], 0.32480767,
posXYDebug.y[232], 0.32684,
posXYDebug.y[233], 0.32883054,
posXYDebug.y[234], 0.33075696,
posXYDebug.y[235], 0.33255628,
posXYDebug.y[236], 0.33418047,
posXYDebug.y[237], 0.33561766,
posXYDebug.y[238], 0.3369161,
posXYDebug.y[239], 0.3380348,
posXYDebug.y[240], 0.3389879,
posXYDebug.y[241], 0.3398735,
posXYDebug.y[242], 0.3406405,
posXYDebug.y[243], 0.34131685,
posXYDebug.y[244], 0.34198788,
posXYDebug.y[245], 0.3426498,
posXYDebug.y[246], 0.34331,
posXYDebug.y[247], 0.34392628,
posXYDebug.y[248], 0.3445911,
posXYDebug.y[249], 0.34538013,
posXYDebug.y[250], 0.34617302,
posXYDebug.y[251], 0.34708634,
posXYDebug.y[252], 0.34805104,
posXYDebug.y[253], 0.3490279,
posXYDebug.y[254], 0.35009027,
posXYDebug.y[255], 0.3511888,
posXYDebug.y[256], 0.3522297,
posXYDebug.y[257], 0.35311183,
posXYDebug.y[258], 0.3537907,
posXYDebug.y[259], 0.35431445,
posXYDebug.y[260], 0.35473445,
posXYDebug.y[261], 0.3550804,
posXYDebug.y[262], 0.35538214,
posXYDebug.y[263], 0.35565057,
posXYDebug.y[264], 0.3559039,
posXYDebug.y[265], 0.35611942,
posXYDebug.y[266], 0.35631943,
posXYDebug.y[267], 0.35651514,
posXYDebug.y[268], 0.35671768,
posXYDebug.y[269], 0.35694906,
posXYDebug.y[270], 0.35718706,
posXYDebug.y[271], 0.35747892,
posXYDebug.y[272], 0.35779878,
posXYDebug.y[273], 0.3581139,
posXYDebug.y[274], 0.35842097,
posXYDebug.y[275], 0.35868773,
posXYDebug.y[276], 0.35888553,
posXYDebug.y[277], 0.3590075,
posXYDebug.y[278], 0.35903972,
posXYDebug.y[279], 0.35898262,
posXYDebug.y[280], 0.35885465,
posXYDebug.y[281], 0.35862467,
posXYDebug.y[282], 0.3582968,
posXYDebug.y[283], 0.35791007,
posXYDebug.y[284], 0.3574857,
posXYDebug.y[285], 0.357073,
posXYDebug.y[286], 0.3566685,
posXYDebug.y[287], 0.35628945,
posXYDebug.y[288], 0.35592157,
posXYDebug.y[289], 0.3555475,
posXYDebug.y[290], 0.35519505,
posXYDebug.y[291], 0.35485393,
posXYDebug.y[292], 0.35449618,
posXYDebug.y[293], 0.3541041,
posXYDebug.y[294], 0.35367742,
posXYDebug.y[295], 0.35321218,
posXYDebug.y[296], 0.3526941,
posXYDebug.y[297], 0.35211238,
posXYDebug.y[298], 0.3514728,
posXYDebug.y[299], 0.35080197,
posXYDebug.y[300], 0.35011408,
posXYDebug.y[301], 0.34941328,
posXYDebug.y[302], 0.3486788,
posXYDebug.y[303], 0.34791422,
posXYDebug.y[304], 0.34709826,
posXYDebug.y[305], 0.34623796,
posXYDebug.y[306], 0.34530845,
posXYDebug.y[307], 0.34432775,
posXYDebug.y[308], 0.34332427,
posXYDebug.y[309], 0.34230092,
posXYDebug.y[310], 0.34127286,
posXYDebug.y[311], 0.3402951,
posXYDebug.y[312], 0.33941475,
posXYDebug.y[313], 0.33856446,
posXYDebug.y[314], 0.33779058,
posXYDebug.y[315], 0.3370429,
posXYDebug.y[316], 0.336301,
posXYDebug.y[317], 0.3355375,
posXYDebug.y[318], 0.33468562,
posXYDebug.y[319], 0.33372906,
posXYDebug.y[320], 0.3327171,
posXYDebug.y[321], 0.33166623,
posXYDebug.y[322], 0.33046985,
posXYDebug.y[323], 0.32925028,
posXYDebug.y[324], 0.32801902,
posXYDebug.y[325], 0.32682323,
posXYDebug.y[326], 0.32566956,
posXYDebug.y[327], 0.3245206,
posXYDebug.y[328], 0.32338816,
posXYDebug.y[329], 0.32226,
posXYDebug.y[330], 0.32110655,
posXYDebug.y[331], 0.3200211,
posXYDebug.y[332], 0.31900796,
posXYDebug.y[333], 0.31810597,
posXYDebug.y[334], 0.31728467,
posXYDebug.y[335], 0.31647468,
posXYDebug.y[336], 0.3156437,
posXYDebug.y[337], 0.31480178,
posXYDebug.y[338], 0.31392878,
posXYDebug.y[339], 0.31306076,
posXYDebug.y[340], 0.31221104,
posXYDebug.y[341], 0.31135666,
posXYDebug.y[342], 0.31050068,
posXYDebug.y[343], 0.3096363,
posXYDebug.y[344], 0.3088017,
posXYDebug.y[345], 0.3079513,
posXYDebug.y[346], 0.30709875,
posXYDebug.y[347], 0.30623075,
posXYDebug.y[348], 0.30536973,
posXYDebug.y[349], 0.30450222,
posXYDebug.y[350], 0.30363905,
posXYDebug.y[351], 0.30276442,
posXYDebug.y[352], 0.30188462,
posXYDebug.y[353], 0.30099276,
posXYDebug.y[354], 0.30009547,
posXYDebug.y[355], 0.29920965,
posXYDebug.y[356], 0.2983159,
posXYDebug.y[357], 0.29742703,
posXYDebug.y[358], 0.29654974,
posXYDebug.y[359], 0.29567763,
posXYDebug.y[360], 0.2948003,
posXYDebug.y[361], 0.29392114,
posXYDebug.y[362], 0.2930633,
posXYDebug.y[363], 0.29220727,
posXYDebug.y[364], 0.29136267,
posXYDebug.y[365], 0.29051638,
posXYDebug.y[366], 0.28970394,
posXYDebug.y[367], 0.2888589,
posXYDebug.y[368], 0.2880741,
posXYDebug.y[369], 0.28726247,
posXYDebug.y[370], 0.28647247,
posXYDebug.y[371], 0.2856981,
posXYDebug.y[372], 0.28492072,
posXYDebug.y[373], 0.28415653,
posXYDebug.y[374], 0.28339294,
posXYDebug.y[375], 0.28266078,
posXYDebug.y[376], 0.28191915,
posXYDebug.y[377], 0.28117734,
posXYDebug.y[378], 0.28046286,
posXYDebug.y[379], 0.2797694,
posXYDebug.y[380], 0.2790732,
posXYDebug.y[381], 0.27837464,
posXYDebug.y[382], 0.27771914,
posXYDebug.y[383], 0.2770641,
posXYDebug.y[384], 0.2764033,
posXYDebug.y[385], 0.27576092,
posXYDebug.y[386], 0.27513373,
posXYDebug.y[387], 0.27450672,
posXYDebug.y[388], 0.27390048,
posXYDebug.y[389], 0.27328572,
posXYDebug.y[390], 0.27269152,
posXYDebug.y[391], 0.27210912,
posXYDebug.y[392], 0.27154687,
posXYDebug.y[393], 0.27100435,
posXYDebug.y[394], 0.27046156,
posXYDebug.y[395], 0.26991826,
posXYDebug.y[396], 0.26938578,
posXYDebug.y[397], 0.26886117,
posXYDebug.y[398], 0.2683275,
posXYDebug.y[399], 0.26780763,
posXYDebug.y[400], 0.26729906,
posXYDebug.y[401], 0.2667879,
posXYDebug.y[402], 0.26629058,
posXYDebug.y[403], 0.26580724,
posXYDebug.y[404], 0.26532143,
posXYDebug.y[405], 0.26483813,
posXYDebug.y[406], 0.2643679,
posXYDebug.y[407], 0.2638921,
posXYDebug.y[408], 0.26341295,
posXYDebug.y[409], 0.26294863,
posXYDebug.y[410], 0.26248845,
posXYDebug.y[411], 0.2620267,
posXYDebug.y[412], 0.2615713,
posXYDebug.y[413], 0.26112244,
posXYDebug.y[414], 0.26066682,
posXYDebug.y[415], 0.2602249,
posXYDebug.y[416], 0.25980157,
posXYDebug.y[417], 0.25937048,
posXYDebug.y[418], 0.25894743,
posXYDebug.y[419], 0.25852492,
posXYDebug.y[420], 0.2580952,
posXYDebug.y[421], 0.2576737,
posXYDebug.y[422], 0.25725517,
posXYDebug.y[423], 0.25683683,
posXYDebug.y[424], 0.2564185,
posXYDebug.y[425], 0.2560029,
posXYDebug.y[426], 0.2555852,
posXYDebug.y[427], 0.255168,
posXYDebug.y[428], 0.2547615,
posXYDebug.y[429], 0.25436586,
posXYDebug.y[430], 0.25397092,
posXYDebug.y[431], 0.2535817,
posXYDebug.y[432], 0.25319576,
posXYDebug.y[433], 0.2528208,
posXYDebug.y[434], 0.25245416,
posXYDebug.y[435], 0.25209317,
posXYDebug.y[436], 0.25174287,
posXYDebug.y[437], 0.25139576,
posXYDebug.y[438], 0.25106692,
posXYDebug.y[439], 0.25074372,
posXYDebug.y[440], 0.2504262,
posXYDebug.y[441], 0.2501118,
posXYDebug.y[442], 0.24980041,
posXYDebug.y[443], 0.24948952,
posXYDebug.y[444], 0.24917161,
posXYDebug.y[445], 0.2488592,
posXYDebug.y[446], 0.24855955,
posXYDebug.y[447], 0.24825515,
posXYDebug.y[448], 0.24795611,
posXYDebug.y[449], 0.24765754,
posXYDebug.y[450], 0.24736194,
posXYDebug.y[451], 0.24707657,
posXYDebug.y[452], 0.24678646,
posXYDebug.y[453], 0.24649909,
posXYDebug.y[454], 0.2462118,
posXYDebug.y[455], 0.2459271,
posXYDebug.y[456], 0.24564268,
posXYDebug.y[457], 0.24536608,
posXYDebug.y[458], 0.2450947,
posXYDebug.y[459], 0.24482588,
posXYDebug.y[460], 0.24455722,
posXYDebug.y[461], 0.24429132,
posXYDebug.y[462], 0.24403816,
posXYDebug.y[463], 0.24379031,
posXYDebug.y[464], 0.24354756,
posXYDebug.y[465], 0.24330257,
posXYDebug.y[466], 0.24305803,
posXYDebug.y[467], 0.24281646,
posXYDebug.y[468], 0.24258287,
posXYDebug.y[469], 0.2423596,
posXYDebug.y[470], 0.24214886,
posXYDebug.y[471], 0.24193841,
posXYDebug.y[472], 0.24176197,
posXYDebug.y[473], 0.2415905,
posXYDebug.y[474], 0.24141681,
posXYDebug.y[475], 0.2412386,
posXYDebug.y[476], 0.24105114,
posXYDebug.y[477], 0.24086176,
posXYDebug.y[478], 0.2406823,
posXYDebug.y[479], 0.24051028,
posXYDebug.y[480], 0.2403433,
posXYDebug.y[481], 0.24018136,
posXYDebug.y[482], 0.24001975,
posXYDebug.y[483], 0.2398586,
posXYDebug.y[484], 0.23970966,
posXYDebug.y[485], 0.23956344,
posXYDebug.y[486], 0.23942931,
posXYDebug.y[487], 0.23929784,
posXYDebug.y[488], 0.23916905,
posXYDebug.y[489], 0.23904532,
posXYDebug.y[490], 0.23891962,
posXYDebug.y[491], 0.23879664,
posXYDebug.y[492], 0.23867643,
posXYDebug.y[493], 0.23855896,
posXYDebug.y[494], 0.23844652,
posXYDebug.y[495], 0.23833905,
posXYDebug.y[496], 0.23823197,
posXYDebug.y[497], 0.23812982,
posXYDebug.y[498], 0.23803486,
posXYDebug.y[499], 0.23794024,
posXYDebug.y[500], 0.23785494,
posXYDebug.y[501], 0.23778117,
posXYDebug.y[502], 0.23770988,
posXYDebug.y[503], 0.23764995,
posXYDebug.y[504], 0.23759022,
posXYDebug.y[505], 0.2375307,
posXYDebug.y[506], 0.23747356,
posXYDebug.y[507], 0.2374188,
posXYDebug.y[508], 0.23736641,
posXYDebug.y[509], 0.2373142,
posXYDebug.y[510], 0.2372643,
posXYDebug.y[511], 0.23721457,
posXYDebug.y[512], 0.23716928,
posXYDebug.y[513], 0.23712844,
posXYDebug.y[514], 0.23709413,
posXYDebug.y[515], 0.23705994,
posXYDebug.y[516], 0.2370301,
posXYDebug.y[517], 0.23700884,
posXYDebug.y[518], 0.23698764,
posXYDebug.y[519], 0.23696859,
posXYDebug.y[520], 0.23695381,
posXYDebug.y[521], 0.23693906,
posXYDebug.y[522], 0.23692434,
posXYDebug.y[523], 0.23691383,
posXYDebug.y[524], 0.23690334,
posXYDebug.y[525], 0.23689497,
posXYDebug.y[526], 0.23689288,
posXYDebug.y[527], 0.2368908,
posXYDebug.y[528], 0.2368887,
posXYDebug.y[529], 0.2368887,
posXYDebug.y[530], 0.2368908,
posXYDebug.y[531], 0.23689288,
posXYDebug.y[532], 0.23689288,
posXYDebug.y[533], 0.23689288,
posXYDebug.y[534], 0.23689288,
posXYDebug.y[535], 0.23689288,
posXYDebug.y[536], 0.23689288,
posXYDebug.y[537], 0.23689288,
posXYDebug.y[538], 0.23689288,
posXYDebug.y[539], 0.23689288,
posXYDebug.y[540], 0.23689288,
posXYDebug.y[541], 0.23689288,
posXYDebug.y[542], 0.23689288,
posXYDebug.y[543], 0.23689288,
posXYDebug.y[544], 0.23689288,
posXYDebug.y[545], 0.23689288,
posXYDebug.y[546], 0.23689288,
posXYDebug.y[547], 0.23689288,
posXYDebug.y[548], 0.23689288,
posXYDebug.y[549], 0.23689288,
posXYDebug.y[550], 0.23689288,
posXYDebug.y[551], 0.23689288,
posXYDebug.y[552], 0.23689288,
posXYDebug.y[553], 0.23689288,
posXYDebug.y[554], 0.23689288,
posXYDebug.y[555], 0.23689497,
posXYDebug.y[556], 0.23689497,
posXYDebug.y[557], 0.23689497,
posXYDebug.y[558], 0.23689497,
posXYDebug.y[559], 0.23689497,
posXYDebug.y[560], 0.23689497,
posXYDebug.y[561], 0.23689497,
posXYDebug.y[562], 0.23689497,
posXYDebug.y[563], 0.23689497,
posXYDebug.y[564], 0.23689497,
posXYDebug.y[565], 0.23689497,
posXYDebug.y[566], 0.23689497,
posXYDebug.y[567], 0.23689497,
posXYDebug.y[568], 0.23689497,
posXYDebug.y[569], 0.23689497,
posXYDebug.y[570], 0.23689497,
posXYDebug.y[571], 0.23689705,
posXYDebug.y[572], 0.23689705,
posXYDebug.y[573], 0.23689705,
posXYDebug.y[574], 0.23689705,
posXYDebug.y[575], 0.23689705,
posXYDebug.y[576], 0.23689705,
posXYDebug.y[577], 0.23689705,
posXYDebug.y[578], 0.23689705,
posXYDebug.y[579], 0.23689705,
posXYDebug.y[580], 0.23689705,
posXYDebug.y[581], 0.23689705,
posXYDebug.y[582], 0.23689705,
posXYDebug.y[583], 0.23689705,
posXYDebug.y[584], 0.23689705,
posXYDebug.y[585], 0.23689705,
posXYDebug.y[586], 0.23689705,
posXYDebug.y[587], 0.23689705,
posXYDebug.y[588], 0.23689705,
posXYDebug.y[589], 0.23689705,
posXYDebug.y[590], 0.23689705,
posXYDebug.y[591], 0.23689705,
posXYDebug.y[592], 0.23689705,
posXYDebug.y[593], 0.23689705,
posXYDebug.y[594], 0.23689705,
posXYDebug.y[595], 0.23689705,
posXYDebug.y[596], 0.23689705,
posXYDebug.y[597], 0.23689705,
posXYDebug.y[598], 0.23689705,
posXYDebug.y[599], 0.23689705,
posXYDebug.y[600], 0.23689705,
posXYDebug.y[601], 0.23689705,
posXYDebug.y[602], 0.23689705,
posXYDebug.y[603], 0.23689705,
posXYDebug.y[604], 0.23689705,
posXYDebug.y[605], 0.23689705,
posXYDebug.y[606], 0.23689705,
posXYDebug.y[607], 0.23689914,
posXYDebug.y[608], 0.23689914,
posXYDebug.y[609], 0.23689914,
posXYDebug.y[610], 0.23689914,
posXYDebug.y[611], 0.23689914,
posXYDebug.y[612], 0.23689914,
posXYDebug.y[613], 0.23689914,
posXYDebug.y[614], 0.23689914,
posXYDebug.y[615], 0.23689914,
posXYDebug.y[616], 0.23689914,
posXYDebug.y[617], 0.23689914,
posXYDebug.y[618], 0.23689914,
posXYDebug.y[619], 0.23689914,
posXYDebug.y[620], 0.23689914,
posXYDebug.y[621], 0.23689914,
posXYDebug.y[622], 0.23689914,
posXYDebug.y[623], 0.23689914,
posXYDebug.y[624], 0.23689914,
posXYDebug.y[625], 0.23689914,
posXYDebug.y[626], 0.23689914,
posXYDebug.y[627], 0.23689914,
posXYDebug.y[628], 0.23689914,
posXYDebug.y[629], 0.23689914,
posXYDebug.y[630], 0.23689914,
posXYDebug.y[631], 0.23689914,
posXYDebug.y[632], 0.23689914,
posXYDebug.y[633], 0.23689914,
posXYDebug.y[634], 0.23689914,
posXYDebug.y[635], 0.23689914,
posXYDebug.y[636], 0.23689914,
posXYDebug.y[637], 0.23689914,
posXYDebug.y[638], 0.23690122,
posXYDebug.y[639], 0.23690122,
posXYDebug.y[640], 0.23690122,
posXYDebug.y[641], 0.23690122,
posXYDebug.y[642], 0.23690122,
posXYDebug.y[643], 0.23690122,
posXYDebug.y[644], 0.23690122,
posXYDebug.y[645], 0.23690122,
posXYDebug.y[646], 0.23690122,
posXYDebug.y[647], 0.23690122,
posXYDebug.y[648], 0.23690122,
posXYDebug.y[649], 0.23690122,
posXYDebug.y[650], 0.23690122,
posXYDebug.y[651], 0.23690122,
posXYDebug.y[652], 0.23690122,
posXYDebug.y[653], 0.23690122,
posXYDebug.y[654], 0.23690122,
posXYDebug.y[655], 0.23690122,
posXYDebug.y[656], 0.23690122,
posXYDebug.y[657], 0.23690122,
posXYDebug.y[658], 0.23690122,
posXYDebug.y[659], 0.23690122,
posXYDebug.y[660], 0.23690122,
posXYDebug.y[661], 0.23690122,
posXYDebug.y[662], 0.23690122,
posXYDebug.y[663], 0.23690122,
posXYDebug.y[664], 0.23690122,
posXYDebug.y[665], 0.23690122,
posXYDebug.y[666], 0.23690122,
posXYDebug.y[667], 0.23690122,
posXYDebug.y[668], 0.23690122,
posXYDebug.y[669], 0.23690122,
posXYDebug.y[670], 0.23690122,
posXYDebug.y[671], 0.23690122,
posXYDebug.y[672], 0.23690122,
posXYDebug.y[673], 0.23690122,
posXYDebug.y[674], 0.23690122,
posXYDebug.y[675], 0.23690122,
posXYDebug.y[676], 0.23690122,
posXYDebug.y[677], 0.23690122,
posXYDebug.y[678], 0.23690122,
posXYDebug.y[679], 0.23690122,
posXYDebug.y[680], 0.23690122,
posXYDebug.y[681], 0.23690122,
posXYDebug.y[682], 0.23690122,
posXYDebug.y[683], 0.23690122,
posXYDebug.y[684], 0.23690122,
posXYDebug.y[685], 0.23690122,
posXYDebug.y[686], 0.23690122,
posXYDebug.y[687], 0.23690122,
posXYDebug.y[688], 0.23690122,
posXYDebug.y[689], 0.23690122,
posXYDebug.y[690], 0.23690122,
posXYDebug.y[691], 0.23690122,
posXYDebug.y[692], 0.23690122,
posXYDebug.y[693], 0.23690122,
posXYDebug.y[694], 0.23690122,
posXYDebug.y[695], 0.23690122,
posXYDebug.y[696], 0.23690122,
posXYDebug.y[697], 0.23690122,
posXYDebug.y[698], 0.23690122,
posXYDebug.y[699], 0.23690331,
posXYDebug.y[700], 0.23690331,
posXYDebug.y[701], 0.23690331,
posXYDebug.y[702], 0.23690331,
posXYDebug.y[703], 0.23690331,
posXYDebug.y[704], 0.23690331,
posXYDebug.y[705], 0.23690331,
posXYDebug.y[706], 0.23690331,
posXYDebug.y[707], 0.23690331,
posXYDebug.y[708], 0.23690331,
posXYDebug.y[709], 0.23690331,
posXYDebug.y[710], 0.23690331,
posXYDebug.y[711], 0.23690331,
posXYDebug.y[712], 0.23690331,
posXYDebug.y[713], 0.23690331,
posXYDebug.y[714], 0.23690331,
posXYDebug.y[715], 0.23690331,
posXYDebug.y[716], 0.23690331,
posXYDebug.y[717], 0.23690331,
posXYDebug.y[718], 0.23690331,
posXYDebug.y[719], 0.23690331,
posXYDebug.y[720], 0.23690331,
posXYDebug.y[721], 0.23690331,
posXYDebug.y[722], 0.23690331,
posXYDebug.y[723], 0.23690331,
posXYDebug.y[724], 0.23690331,
posXYDebug.y[725], 0.23690331,
posXYDebug.y[726], 0.23690331,
posXYDebug.y[727], 0.23690331,
posXYDebug.y[728], 0.23690331,
posXYDebug.y[729], 0.2369054,
posXYDebug.y[730], 0.2369054,
posXYDebug.y[731], 0.2369054,
posXYDebug.y[732], 0.2369054,
posXYDebug.y[733], 0.2369054,
posXYDebug.y[734], 0.2369054,
posXYDebug.y[735], 0.2369054,
posXYDebug.y[736], 0.2369054,
posXYDebug.y[737], 0.2369054,
posXYDebug.y[738], 0.2369054,
posXYDebug.y[739], 0.2369054,
posXYDebug.y[740], 0.2369054,
posXYDebug.y[741], 0.2369054,
posXYDebug.y[742], 0.2369054,
posXYDebug.y[743], 0.2369054,
posXYDebug.y[744], 0.2369054,
posXYDebug.y[745], 0.2369054,
posXYDebug.y[746], 0.2369054,
posXYDebug.y[747], 0.2369054,
posXYDebug.y[748], 0.2369054,
posXYDebug.y[749], 0.2369054,
posXYDebug.y[750], 0.2369054,
posXYDebug.y[751], 0.2369054,
posXYDebug.y[752], 0.2369054,
posXYDebug.y[753], 0.2369054,
posXYDebug.y[754], 0.2369054,
posXYDebug.y[755], 0.2369054,
posXYDebug.y[756], 0.2369054,
posXYDebug.y[757], 0.2369054,
posXYDebug.y[758], 0.2369054,
posXYDebug.y[759], 0.2369054,
posXYDebug.y[760], 0.2369054,
posXYDebug.y[761], 0.2369054,
posXYDebug.y[762], 0.2369054,
posXYDebug.y[763], 0.2369054,
posXYDebug.y[764], 0.2369054,
posXYDebug.y[765], 0.2369054,
posXYDebug.y[766], 0.2369054,
posXYDebug.y[767], 0.2369054,
posXYDebug.y[768], 0.2369054,
posXYDebug.y[769], 0.2369054,
posXYDebug.y[770], 0.2369054,
posXYDebug.y[771], 0.2369054,
posXYDebug.y[772], 0.2369054,
posXYDebug.y[773], 0.2369054,
posXYDebug.y[774], 0.2369054,
posXYDebug.y[775], 0.2369054,
posXYDebug.y[776], 0.2369054,
posXYDebug.y[777], 0.2369054,
posXYDebug.y[778], 0.2369054,
posXYDebug.y[779], 0.2369054,
posXYDebug.y[780], 0.2369054,
posXYDebug.y[781], 0.2369054,
posXYDebug.y[782], 0.2369054,
posXYDebug.y[783], 0.2369054,
posXYDebug.y[784], 0.2369054,
posXYDebug.y[785], 0.2369054,
posXYDebug.y[786], 0.2369054,
posXYDebug.y[787], 0.2369054,
posXYDebug.y[788], 0.2369054,
posXYDebug.y[789], 0.2369054,
posXYDebug.y[790], 0.2369054,
posXYDebug.y[791], 0.2369054,
posXYDebug.y[792], 0.2369054,
posXYDebug.y[793], 0.2369054,
posXYDebug.y[794], 0.2369054,
posXYDebug.y[795], 0.2369054,
posXYDebug.y[796], 0.2369054,
posXYDebug.y[797], 0.2369054,
posXYDebug.y[798], 0.2369054,
posXYDebug.y[799], 0.2369054,
posXYDebug.y[800], 0.2369054,
posXYDebug.y[801], 0.2369054,
posXYDebug.y[802], 0.2369054,
posXYDebug.y[803], 0.2369054,
posXYDebug.y[804], 0.2369054,
posXYDebug.y[805], 0.2369054,
posXYDebug.y[806], 0.2369054,
posXYDebug.y[807], 0.2369054,
posXYDebug.y[808], 0.2369054,
posXYDebug.y[809], 0.2369054,
posXYDebug.y[810], 0.2369054,
posXYDebug.y[811], 0.2369054,
posXYDebug.y[812], 0.2369054,
posXYDebug.y[813], 0.2369054,
posXYDebug.y[814], 0.2369054,
posXYDebug.y[815], 0.2369054,
posXYDebug.y[816], 0.2369054,
posXYDebug.y[817], 0.2369054,
posXYDebug.y[818], 0.2369054,
posXYDebug.y[819], 0.2369054,
posXYDebug.y[820], 0.2369054,
posXYDebug.y[821], 0.2369054,
posXYDebug.y[822], 0.2369054,
posXYDebug.y[823], 0.2369054,
posXYDebug.y[824], 0.2369054,
posXYDebug.y[825], 0.2369054,
posXYDebug.y[826], 0.2369054,
posXYDebug.y[827], 0.2369054,
posXYDebug.y[828], 0.2369054,
posXYDebug.y[829], 0.2369054,
posXYDebug.y[830], 0.2369054,
posXYDebug.y[831], 0.2369054,
posXYDebug.y[832], 0.2369054,
posXYDebug.y[833], 0.2369054,
posXYDebug.y[834], 0.2369054,
posXYDebug.y[835], 0.2369054,
posXYDebug.y[836], 0.2369054,
posXYDebug.y[837], 0.2369054,
posXYDebug.y[838], 0.2369054,
posXYDebug.y[839], 0.2369054,
posXYDebug.y[840], 0.2369054,
posXYDebug.y[841], 0.2369054,
posXYDebug.y[842], 0.2369054,
posXYDebug.y[843], 0.2369054,
posXYDebug.y[844], 0.2369054,
posXYDebug.y[845], 0.2369054,
posXYDebug.y[846], 0.2369054,
posXYDebug.y[847], 0.2369054,
posXYDebug.y[848], 0.2369054,
posXYDebug.y[849], 0.2369054,
posXYDebug.y[850], 0.2369054,
posXYDebug.y[851], 0.2369054,
posXYDebug.y[852], 0.2369054,
posXYDebug.y[853], 0.2369054,
posXYDebug.y[854], 0.2369054,
posXYDebug.y[855], 0.2369054,
posXYDebug.y[856], 0.2369054,
posXYDebug.y[857], 0.2369054,
posXYDebug.y[858], 0.2369054,
posXYDebug.y[859], 0.2369054,
posXYDebug.y[860], 0.2369054,
posXYDebug.y[861], 0.2369054,
posXYDebug.y[862], 0.2369054,
posXYDebug.y[863], 0.2369054,
posXYDebug.y[864], 0.2369054,
posXYDebug.y[865], 0.2369054,
posXYDebug.y[866], 0.2369054,
posXYDebug.y[867], 0.2369054,
posXYDebug.y[868], 0.2369054,
posXYDebug.y[869], 0.2369054,
posXYDebug.y[870], 0.2369054,
posXYDebug.y[871], 0.2369054,
posXYDebug.y[872], 0.2369054,
posXYDebug.y[873], 0.2369054,
posXYDebug.y[874], 0.23690748,
posXYDebug.y[875], 0.23690748,
posXYDebug.y[876], 0.23690748,
posXYDebug.y[877], 0.23690748,
posXYDebug.y[878], 0.23690748,
posXYDebug.y[879], 0.23690748,
posXYDebug.y[880], 0.23690748,
posXYDebug.y[881], 0.23690748,
posXYDebug.y[882], 0.23690748,
posXYDebug.y[883], 0.23690748,
posXYDebug.y[884], 0.23690748,
posXYDebug.y[885], 0.23690748,
posXYDebug.y[886], 0.23690748,
posXYDebug.y[887], 0.23690748,
posXYDebug.y[888], 0.23690748,
posXYDebug.y[889], 0.23690748,
posXYDebug.y[890], 0.23690748,
posXYDebug.y[891], 0.23690748,
posXYDebug.y[892], 0.23690748,
posXYDebug.y[893], 0.23690748,
posXYDebug.y[894], 0.23690748,
posXYDebug.y[895], 0.23690748,
posXYDebug.y[896], 0.23690748,
posXYDebug.y[897], 0.23690748,
posXYDebug.y[898], 0.23690748,
posXYDebug.y[899], 0.23690748,
posXYDebug.y[900], 0.23690748,
posXYDebug.y[901], 0.23690748,
posXYDebug.y[902], 0.23690957,
posXYDebug.y[903], 0.23690957,
posXYDebug.y[904], 0.23690957,
posXYDebug.y[905], 0.23690957,
posXYDebug.y[906], 0.23690957,
posXYDebug.y[907], 0.23690957,
posXYDebug.y[908], 0.23690957,
posXYDebug.y[909], 0.23690957,
posXYDebug.y[910], 0.23690957,
posXYDebug.y[911], 0.23690957,
posXYDebug.y[912], 0.23690957,
posXYDebug.y[913], 0.23690957,
posXYDebug.y[914], 0.23690957,
posXYDebug.y[915], 0.23690957,
posXYDebug.y[916], 0.23690957,
posXYDebug.y[917], 0.23690957,
posXYDebug.y[918], 0.23690957,
posXYDebug.y[919], 0.23690957,
posXYDebug.y[920], 0.23690957,
posXYDebug.y[921], 0.23690957,
posXYDebug.y[922], 0.23690957,
posXYDebug.y[923], 0.23690957,
posXYDebug.y[924], 0.23690957,
posXYDebug.y[925], 0.23690957,
posXYDebug.y[926], 0.23690957,
posXYDebug.y[927], 0.23690957,
posXYDebug.y[928], 0.23690957,
posXYDebug.y[929], 0.23690957,
posXYDebug.y[930], 0.23690957,
posXYDebug.y[931], 0.23690957,
posXYDebug.y[932], 0.23690957,
posXYDebug.y[933], 0.23690957,
posXYDebug.y[934], 0.23690957,
posXYDebug.y[935], 0.23690957,
posXYDebug.y[936], 0.23690957,
posXYDebug.y[937], 0.23690957,
posXYDebug.y[938], 0.23690957,
posXYDebug.y[939], 0.23690957,
posXYDebug.y[940], 0.23690957,
posXYDebug.y[941], 0.23690957,
posXYDebug.y[942], 0.23690957,
posXYDebug.y[943], 0.23690957,
posXYDebug.y[944], 0.23690957,
posXYDebug.y[945], 0.23690957,
posXYDebug.y[946], 0.23690957,
posXYDebug.y[947], 0.23690957,
posXYDebug.y[948], 0.23690957,
posXYDebug.y[949], 0.23690957,
posXYDebug.y[950], 0.23690957,
posXYDebug.y[951], 0.23690957,
posXYDebug.y[952], 0.23690957,
posXYDebug.y[953], 0.23690957,
posXYDebug.y[954], 0.23690957,
posXYDebug.y[955], 0.23690957,
posXYDebug.y[956], 0.23690957,
posXYDebug.y[957], 0.23690957,
posXYDebug.y[958], 0.23690957,
posXYDebug.y[959], 0.23690957,
posXYDebug.y[960], 0.23690957,
posXYDebug.y[961], 0.23690957,
posXYDebug.y[962], 0.23690957,
posXYDebug.y[963], 0.23690957,
posXYDebug.y[964], 0.23690957,
posXYDebug.y[965], 0.23690957,
posXYDebug.y[966], 0.23690957,
posXYDebug.y[967], 0.23690957,
posXYDebug.y[968], 0.23690957,
posXYDebug.y[969], 0.23690957,
posXYDebug.y[970], 0.23690957,
posXYDebug.y[971], 0.23690957,
posXYDebug.y[972], 0.23690957,
posXYDebug.y[973], 0.23690957,
posXYDebug.y[974], 0.23690957,
posXYDebug.y[975], 0.23690957,
posXYDebug.y[976], 0.23690957,
posXYDebug.y[977], 0.23690957,
posXYDebug.y[978], 0.23690957,
posXYDebug.y[979], 0.23690957,
posXYDebug.y[980], 0.23690957,
posXYDebug.y[981], 0.23690957,
posXYDebug.y[982], 0.23690957,
posXYDebug.y[983], 0.23690957,
posXYDebug.y[984], 0.23690957,
posXYDebug.y[985], 0.23690957,
posXYDebug.y[986], 0.23690957,
posXYDebug.y[987], 0.23690957,
posXYDebug.y[988], 0.23690957,
posXYDebug.y[989], 0.23690957,
posXYDebug.y[990], 0.23690957,
posXYDebug.y[991], 0.23690957,
posXYDebug.y[992], 0.23690957,
posXYDebug.y[993], 0.23690957,
posXYDebug.y[994], 0.23690957,
posXYDebug.y[995], 0.23690957,
posXYDebug.y[996], 0.23690957,
posXYDebug.y[997], 0.23690957,
posXYDebug.y[998], 0.23690957,
posXYDebug.y[999], 0.23690957,
