posXYDebug.y[0], -3.3090242E-10,
posXYDebug.y[1], -3.3090242E-10,
posXYDebug.y[2], 7.610756E-9,
posXYDebug.y[3], 1.6247309E-7,
posXYDebug.y[4], 6.283836E-7,
posXYDebug.y[5], 1.3381691E-6,
posXYDebug.y[6], 2.1657556E-6,
posXYDebug.y[7], 3.0833476E-6,
posXYDebug.y[8], 4.195179E-6,
posXYDebug.y[9], 5.528383E-6,
posXYDebug.y[10], 7.133587E-6,
posXYDebug.y[11], 8.953214E-6,
posXYDebug.y[12], 1.0963438E-5,
posXYDebug.y[13], 1.3509058E-5,
posXYDebug.y[14], 1.7201903E-5,
posXYDebug.y[15], 2.2080689E-5,
posXYDebug.y[16], 2.8273476E-5,
posXYDebug.y[17], 3.5463265E-5,
posXYDebug.y[18], 4.3214262E-5,
posXYDebug.y[19], 5.146955E-5,
posXYDebug.y[20], 6.0058373E-5,
posXYDebug.y[21], 6.9005895E-5,
posXYDebug.y[22], 7.7867386E-5,
posXYDebug.y[23], 8.7001536E-5,
posXYDebug.y[24], 9.6722026E-5,
posXYDebug.y[25], 1.074074E-4,
posXYDebug.y[26], 1.1960562E-4,
posXYDebug.y[27], 1.3352811E-4,
posXYDebug.y[28], 1.4883143E-4,
posXYDebug.y[29], 1.6502156E-4,
posXYDebug.y[30], 1.8158229E-4,
posXYDebug.y[31], 1.9845707E-4,
posXYDebug.y[32], 2.1562271E-4,
posXYDebug.y[33], 2.321848E-4,
posXYDebug.y[34], 2.4864203E-4,
posXYDebug.y[35], 2.638819E-4,
posXYDebug.y[36], 2.7805762E-4,
posXYDebug.y[37], 2.9086642E-4,
posXYDebug.y[38], 3.0199628E-4,
posXYDebug.y[39], 3.0970495E-4,
posXYDebug.y[40], 3.1308513E-4,
posXYDebug.y[41], 3.1138165E-4,
posXYDebug.y[42], 3.0353398E-4,
posXYDebug.y[43], 2.889039E-4,
posXYDebug.y[44], 2.6655145E-4,
posXYDebug.y[45], 2.3581808E-4,
posXYDebug.y[46], 1.9497867E-4,
posXYDebug.y[47], 1.4340022E-4,
posXYDebug.y[48], 8.1302634E-5,
posXYDebug.y[49], 4.293681E-6,
posXYDebug.y[50], -7.900531E-5,
posXYDebug.y[51], -1.7307609E-4,
posXYDebug.y[52], -2.9144704E-4,
posXYDebug.y[53], -4.2456487E-4,
posXYDebug.y[54], -5.669921E-4,
posXYDebug.y[55], -7.2301674E-4,
posXYDebug.y[56], -9.0303E-4,
posXYDebug.y[57], -0.001103644,
posXYDebug.y[58], -0.0013174575,
posXYDebug.y[59], -0.00155343,
posXYDebug.y[60], -0.0018065694,
posXYDebug.y[61], -0.0020852746,
posXYDebug.y[62], -0.0023830803,
posXYDebug.y[63], -0.0027024457,
posXYDebug.y[64], -0.003043877,
posXYDebug.y[65], -0.0034075081,
posXYDebug.y[66], -0.003779583,
posXYDebug.y[67], -0.0041747736,
posXYDebug.y[68], -0.0046066283,
posXYDebug.y[69], -0.0050612395,
posXYDebug.y[70], -0.00553277,
posXYDebug.y[71], -0.006016697,
posXYDebug.y[72], -0.0065276287,
posXYDebug.y[73], -0.0070614503,
posXYDebug.y[74], -0.00761839,
posXYDebug.y[75], -0.008194181,
posXYDebug.y[76], -0.00877646,
posXYDebug.y[77], -0.009381596,
posXYDebug.y[78], -0.010011877,
posXYDebug.y[79], -0.010640121,
posXYDebug.y[80], -0.011280812,
posXYDebug.y[81], -0.011951444,
posXYDebug.y[82], -0.012623643,
posXYDebug.y[83], -0.013298772,
posXYDebug.y[84], -0.013991834,
posXYDebug.y[85], -0.014701216,
posXYDebug.y[86], -0.01542425,
posXYDebug.y[87], -0.016127208,
posXYDebug.y[88], -0.0168656,
posXYDebug.y[89], -0.017614068,
posXYDebug.y[90], -0.01834855,
posXYDebug.y[91], -0.019090872,
posXYDebug.y[92], -0.019840015,
posXYDebug.y[93], -0.020600865,
posXYDebug.y[94], -0.021361278,
posXYDebug.y[95], -0.022109777,
posXYDebug.y[96], -0.022883968,
posXYDebug.y[97], -0.023644812,
posXYDebug.y[98], -0.024410892,
posXYDebug.y[99], -0.025183871,
posXYDebug.y[100], -0.02596514,
posXYDebug.y[101], -0.026744796,
posXYDebug.y[102], -0.027524224,
posXYDebug.y[103], -0.028307857,
posXYDebug.y[104], -0.029078046,
posXYDebug.y[105], -0.029867003,
posXYDebug.y[106], -0.030670894,
posXYDebug.y[107], -0.03147706,
posXYDebug.y[108], -0.03228777,
posXYDebug.y[109], -0.033082407,
posXYDebug.y[110], -0.0339068,
posXYDebug.y[111], -0.034749083,
posXYDebug.y[112], -0.03555442,
posXYDebug.y[113], -0.03640481,
posXYDebug.y[114], -0.037271604,
posXYDebug.y[115], -0.038133647,
posXYDebug.y[116], -0.039007448,
posXYDebug.y[117], -0.039870664,
posXYDebug.y[118], -0.040743906,
posXYDebug.y[119], -0.04166619,
posXYDebug.y[120], -0.042564042,
posXYDebug.y[121], -0.0434622,
posXYDebug.y[122], -0.04437234,
posXYDebug.y[123], -0.04527144,
posXYDebug.y[124], -0.04618597,
posXYDebug.y[125], -0.047112413,
posXYDebug.y[126], -0.048022043,
posXYDebug.y[127], -0.048930645,
posXYDebug.y[128], -0.04984885,
posXYDebug.y[129], -0.050755203,
posXYDebug.y[130], -0.051678054,
posXYDebug.y[131], -0.052574385,
posXYDebug.y[132], -0.053491805,
posXYDebug.y[133], -0.054384362,
posXYDebug.y[134], -0.055289827,
posXYDebug.y[135], -0.056193374,
posXYDebug.y[136], -0.057095006,
posXYDebug.y[137], -0.058031194,
posXYDebug.y[138], -0.058961064,
posXYDebug.y[139], -0.059881076,
posXYDebug.y[140], -0.06079037,
posXYDebug.y[141], -0.06171143,
posXYDebug.y[142], -0.06265173,
posXYDebug.y[143], -0.063579105,
posXYDebug.y[144], -0.06450034,
posXYDebug.y[145], -0.06543841,
posXYDebug.y[146], -0.06636595,
posXYDebug.y[147], -0.067269444,
posXYDebug.y[148], -0.06820638,
posXYDebug.y[149], -0.06911082,
posXYDebug.y[150], -0.07001453,
posXYDebug.y[151], -0.07092496,
posXYDebug.y[152], -0.07182846,
posXYDebug.y[153], -0.07271678,
posXYDebug.y[154], -0.07360378,
posXYDebug.y[155], -0.0745089,
posXYDebug.y[156], -0.07540307,
posXYDebug.y[157], -0.07630092,
posXYDebug.y[158], -0.07718251,
posXYDebug.y[159], -0.078078814,
posXYDebug.y[160], -0.07893889,
posXYDebug.y[161], -0.07983482,
posXYDebug.y[162], -0.08073281,
posXYDebug.y[163], -0.08162012,
posXYDebug.y[164], -0.08250743,
posXYDebug.y[165], -0.0833962,
posXYDebug.y[166], -0.08429764,
posXYDebug.y[167], -0.08518735,
posXYDebug.y[168], -0.08607296,
posXYDebug.y[169], -0.086966015,
posXYDebug.y[170], -0.08786253,
posXYDebug.y[171], -0.08877273,
posXYDebug.y[172], -0.089677304,
posXYDebug.y[173], -0.09060481,
posXYDebug.y[174], -0.09154183,
posXYDebug.y[175], -0.092470236,
posXYDebug.y[176], -0.09339313,
posXYDebug.y[177], -0.09430206,
posXYDebug.y[178], -0.095247045,
posXYDebug.y[179], -0.096172765,
posXYDebug.y[180], -0.097100206,
posXYDebug.y[181], -0.09803939,
posXYDebug.y[182], -0.09898139,
posXYDebug.y[183], -0.0998994,
posXYDebug.y[184], -0.1008367,
posXYDebug.y[185], -0.10177676,
posXYDebug.y[186], -0.10269001,
posXYDebug.y[187], -0.10363737,
posXYDebug.y[188], -0.10457157,
posXYDebug.y[189], -0.105490126,
posXYDebug.y[190], -0.10641116,
posXYDebug.y[191], -0.107363366,
posXYDebug.y[192], -0.108318694,
posXYDebug.y[193], -0.10926702,
posXYDebug.y[194], -0.110219225,
posXYDebug.y[195], -0.111165605,
posXYDebug.y[196], -0.11210461,
posXYDebug.y[197], -0.11306442,
posXYDebug.y[198], -0.11403708,
posXYDebug.y[199], -0.114970446,
posXYDebug.y[200], -0.11591236,
posXYDebug.y[201], -0.11683976,
posXYDebug.y[202], -0.117751986,
posXYDebug.y[203], -0.118663795,
posXYDebug.y[204], -0.11954941,
posXYDebug.y[205], -0.120448075,
posXYDebug.y[206], -0.1213348,
posXYDebug.y[207], -0.1222055,
posXYDebug.y[208], -0.12310297,
posXYDebug.y[209], -0.123999275,
posXYDebug.y[210], -0.12488345,
posXYDebug.y[211], -0.12576434,
posXYDebug.y[212], -0.12663628,
posXYDebug.y[213], -0.1274923,
posXYDebug.y[214], -0.12834294,
posXYDebug.y[215], -0.12918352,
posXYDebug.y[216], -0.129966,
posXYDebug.y[217], -0.13065171,
posXYDebug.y[218], -0.13128139,
posXYDebug.y[219], -0.13182375,
posXYDebug.y[220], -0.13228473,
posXYDebug.y[221], -0.13263361,
posXYDebug.y[222], -0.13293378,
posXYDebug.y[223], -0.1332185,
posXYDebug.y[224], -0.13349001,
posXYDebug.y[225], -0.1337922,
posXYDebug.y[226], -0.1341172,
posXYDebug.y[227], -0.13445918,
posXYDebug.y[228], -0.13482992,
posXYDebug.y[229], -0.13524494,
posXYDebug.y[230], -0.13570018,
posXYDebug.y[231], -0.13619335,
posXYDebug.y[232], -0.13673,
posXYDebug.y[233], -0.1372934,
posXYDebug.y[234], -0.13787471,
posXYDebug.y[235], -0.13845457,
posXYDebug.y[236], -0.13905403,
posXYDebug.y[237], -0.13965085,
posXYDebug.y[238], -0.14028065,
posXYDebug.y[239], -0.14096636,
posXYDebug.y[240], -0.1416623,
posXYDebug.y[241], -0.14239872,
posXYDebug.y[242], -0.1431578,
posXYDebug.y[243], -0.14395767,
posXYDebug.y[244], -0.1447608,
posXYDebug.y[245], -0.14554769,
posXYDebug.y[246], -0.14632718,
posXYDebug.y[247], -0.1470074,
posXYDebug.y[248], -0.14750047,
posXYDebug.y[249], -0.14788668,
posXYDebug.y[250], -0.14816071,
posXYDebug.y[251], -0.14832726,
posXYDebug.y[252], -0.14844523,
posXYDebug.y[253], -0.14851996,
posXYDebug.y[254], -0.14853868,
posXYDebug.y[255], -0.14848647,
posXYDebug.y[256], -0.14838785,
posXYDebug.y[257], -0.14828482,
posXYDebug.y[258], -0.14821748,
posXYDebug.y[259], -0.14819433,
posXYDebug.y[260], -0.14819643,
posXYDebug.y[261], -0.14825335,
posXYDebug.y[262], -0.14836101,
posXYDebug.y[263], -0.14849623,
posXYDebug.y[264], -0.14864388,
posXYDebug.y[265], -0.14877427,
posXYDebug.y[266], -0.14885183,
posXYDebug.y[267], -0.14887065,
posXYDebug.y[268], -0.14883725,
posXYDebug.y[269], -0.14873533,
posXYDebug.y[270], -0.14858833,
posXYDebug.y[271], -0.14841525,
posXYDebug.y[272], -0.14819759,
posXYDebug.y[273], -0.14798243,
posXYDebug.y[274], -0.14777996,
posXYDebug.y[275], -0.14760454,
posXYDebug.y[276], -0.14745402,
posXYDebug.y[277], -0.1473343,
posXYDebug.y[278], -0.14723302,
posXYDebug.y[279], -0.14712174,
posXYDebug.y[280], -0.14698839,
posXYDebug.y[281], -0.14681087,
posXYDebug.y[282], -0.14658517,
posXYDebug.y[283], -0.1463213,
posXYDebug.y[284], -0.14601517,
posXYDebug.y[285], -0.14567278,
posXYDebug.y[286], -0.14530244,
posXYDebug.y[287], -0.14492027,
posXYDebug.y[288], -0.1445397,
posXYDebug.y[289], -0.1441661,
posXYDebug.y[290], -0.14381583,
posXYDebug.y[291], -0.14348331,
posXYDebug.y[292], -0.14316662,
posXYDebug.y[293], -0.14285934,
posXYDebug.y[294], -0.14255469,
posXYDebug.y[295], -0.14222522,
posXYDebug.y[296], -0.14187668,
posXYDebug.y[297], -0.14149877,
posXYDebug.y[298], -0.1411183,
posXYDebug.y[299], -0.14069654,
posXYDebug.y[300], -0.14023933,
posXYDebug.y[301], -0.13975686,
posXYDebug.y[302], -0.13924041,
posXYDebug.y[303], -0.13868615,
posXYDebug.y[304], -0.13809595,
posXYDebug.y[305], -0.13747986,
posXYDebug.y[306], -0.1368326,
posXYDebug.y[307], -0.1361717,
posXYDebug.y[308], -0.13548999,
posXYDebug.y[309], -0.13481452,
posXYDebug.y[310], -0.13412131,
posXYDebug.y[311], -0.13341543,
posXYDebug.y[312], -0.13271524,
posXYDebug.y[313], -0.13200653,
posXYDebug.y[314], -0.1313016,
posXYDebug.y[315], -0.13057172,
posXYDebug.y[316], -0.12984593,
posXYDebug.y[317], -0.12904614,
posXYDebug.y[318], -0.12823789,
posXYDebug.y[319], -0.12743099,
posXYDebug.y[320], -0.12662415,
posXYDebug.y[321], -0.12582481,
posXYDebug.y[322], -0.12503795,
posXYDebug.y[323], -0.12421277,
posXYDebug.y[324], -0.12337084,
posXYDebug.y[325], -0.12253895,
posXYDebug.y[326], -0.12167537,
posXYDebug.y[327], -0.12081156,
posXYDebug.y[328], -0.1199248,
posXYDebug.y[329], -0.11899343,
posXYDebug.y[330], -0.1180542,
posXYDebug.y[331], -0.11709795,
posXYDebug.y[332], -0.116131276,
posXYDebug.y[333], -0.115144484,
posXYDebug.y[334], -0.11415004,
posXYDebug.y[335], -0.113165535,
posXYDebug.y[336], -0.112209804,
posXYDebug.y[337], -0.11125615,
posXYDebug.y[338], -0.110306665,
posXYDebug.y[339], -0.10936007,
posXYDebug.y[340], -0.10842616,
posXYDebug.y[341], -0.10749263,
posXYDebug.y[342], -0.10657189,
posXYDebug.y[343], -0.10566658,
posXYDebug.y[344], -0.10475211,
posXYDebug.y[345], -0.103841625,
posXYDebug.y[346], -0.10293843,
posXYDebug.y[347], -0.102037355,
posXYDebug.y[348], -0.101174094,
posXYDebug.y[349], -0.10027136,
posXYDebug.y[350], -0.099382654,
posXYDebug.y[351], -0.09851751,
posXYDebug.y[352], -0.09766017,
posXYDebug.y[353], -0.096822895,
posXYDebug.y[354], -0.096005134,
posXYDebug.y[355], -0.09518115,
posXYDebug.y[356], -0.094378024,
posXYDebug.y[357], -0.0935931,
posXYDebug.y[358], -0.09279787,
posXYDebug.y[359], -0.09204068,
posXYDebug.y[360], -0.09129106,
posXYDebug.y[361], -0.09055162,
posXYDebug.y[362], -0.089826725,
posXYDebug.y[363], -0.08908384,
posXYDebug.y[364], -0.08836004,
posXYDebug.y[365], -0.08765019,
posXYDebug.y[366], -0.086939104,
posXYDebug.y[367], -0.08624303,
posXYDebug.y[368], -0.08556894,
posXYDebug.y[369], -0.08491027,
posXYDebug.y[370], -0.0842893,
posXYDebug.y[371], -0.08368792,
posXYDebug.y[372], -0.08312081,
posXYDebug.y[373], -0.08253858,
posXYDebug.y[374], -0.08197713,
posXYDebug.y[375], -0.0814233,
posXYDebug.y[376], -0.0809007,
posXYDebug.y[377], -0.08037802,
posXYDebug.y[378], -0.07986139,
posXYDebug.y[379], -0.079342306,
posXYDebug.y[380], -0.07882635,
posXYDebug.y[381], -0.07831176,
posXYDebug.y[382], -0.07779715,
posXYDebug.y[383], -0.077294625,
posXYDebug.y[384], -0.07679244,
posXYDebug.y[385], -0.076321796,
posXYDebug.y[386], -0.075856596,
posXYDebug.y[387], -0.07538517,
posXYDebug.y[388], -0.07491178,
posXYDebug.y[389], -0.07444062,
posXYDebug.y[390], -0.07397773,
posXYDebug.y[391], -0.073519185,
posXYDebug.y[392], -0.07306593,
posXYDebug.y[393], -0.07261746,
posXYDebug.y[394], -0.072184615,
posXYDebug.y[395], -0.07175832,
posXYDebug.y[396], -0.07134054,
posXYDebug.y[397], -0.07091886,
posXYDebug.y[398], -0.070507154,
posXYDebug.y[399], -0.070103504,
posXYDebug.y[400], -0.069707684,
posXYDebug.y[401], -0.069322646,
posXYDebug.y[402], -0.06893949,
posXYDebug.y[403], -0.068570405,
posXYDebug.y[404], -0.068203986,
posXYDebug.y[405], -0.067856945,
posXYDebug.y[406], -0.067513786,
posXYDebug.y[407], -0.06717144,
posXYDebug.y[408], -0.06682793,
posXYDebug.y[409], -0.06648974,
posXYDebug.y[410], -0.06615669,
posXYDebug.y[411], -0.065832,
posXYDebug.y[412], -0.06551416,
posXYDebug.y[413], -0.065190166,
posXYDebug.y[414], -0.06488281,
posXYDebug.y[415], -0.064582646,
posXYDebug.y[416], -0.064284585,
posXYDebug.y[417], -0.06399013,
posXYDebug.y[418], -0.063697524,
posXYDebug.y[419], -0.063414164,
posXYDebug.y[420], -0.063138604,
posXYDebug.y[421], -0.06286943,
posXYDebug.y[422], -0.06260198,
posXYDebug.y[423], -0.06233939,
posXYDebug.y[424], -0.06208459,
posXYDebug.y[425], -0.061829813,
posXYDebug.y[426], -0.06157095,
posXYDebug.y[427], -0.061324425,
posXYDebug.y[428], -0.06108428,
posXYDebug.y[429], -0.060846202,
posXYDebug.y[430], -0.060617134,
posXYDebug.y[431], -0.06039404,
posXYDebug.y[432], -0.060168236,
posXYDebug.y[433], -0.059939675,
posXYDebug.y[434], -0.059720006,
posXYDebug.y[435], -0.059505153,
posXYDebug.y[436], -0.05929356,
posXYDebug.y[437], -0.059081633,
posXYDebug.y[438], -0.058882892,
posXYDebug.y[439], -0.058691267,
posXYDebug.y[440], -0.058488254,
posXYDebug.y[441], -0.058290165,
posXYDebug.y[442], -0.058108427,
posXYDebug.y[443], -0.057929777,
posXYDebug.y[444], -0.057756495,
posXYDebug.y[445], -0.05758732,
posXYDebug.y[446], -0.057416327,
posXYDebug.y[447], -0.057249676,
posXYDebug.y[448], -0.057090677,
posXYDebug.y[449], -0.05693325,
posXYDebug.y[450], -0.05677991,
posXYDebug.y[451], -0.056634035,
posXYDebug.y[452], -0.056492023,
posXYDebug.y[453], -0.056352813,
posXYDebug.y[454], -0.056218613,
posXYDebug.y[455], -0.056088123,
posXYDebug.y[456], -0.05596235,
posXYDebug.y[457], -0.05583473,
posXYDebug.y[458], -0.055711675,
posXYDebug.y[459], -0.055594217,
posXYDebug.y[460], -0.05547706,
posXYDebug.y[461], -0.05536444,
posXYDebug.y[462], -0.05525424,
posXYDebug.y[463], -0.055146288,
posXYDebug.y[464], -0.05504256,
posXYDebug.y[465], -0.054938234,
posXYDebug.y[466], -0.05483825,
posXYDebug.y[467], -0.054739624,
posXYDebug.y[468], -0.05464333,
posXYDebug.y[469], -0.05454748,
posXYDebug.y[470], -0.05445401,
posXYDebug.y[471], -0.05436643,
posXYDebug.y[472], -0.05428098,
posXYDebug.y[473], -0.05419511,
posXYDebug.y[474], -0.054113153,
posXYDebug.y[475], -0.054033265,
posXYDebug.y[476], -0.053955484,
posXYDebug.y[477], -0.0538782,
posXYDebug.y[478], -0.053804014,
posXYDebug.y[479], -0.053730525,
posXYDebug.y[480], -0.053660743,
posXYDebug.y[481], -0.053593844,
posXYDebug.y[482], -0.053527623,
posXYDebug.y[483], -0.053465024,
posXYDebug.y[484], -0.053405266,
posXYDebug.y[485], -0.053349007,
posXYDebug.y[486], -0.05329479,
posXYDebug.y[487], -0.053243265,
posXYDebug.y[488], -0.053193077,
posXYDebug.y[489], -0.053146135,
posXYDebug.y[490], -0.053102914,
posXYDebug.y[491], -0.053060297,
posXYDebug.y[492], -0.05302002,
posXYDebug.y[493], -0.052980896,
posXYDebug.y[494], -0.052945185,
posXYDebug.y[495], -0.052911155,
posXYDebug.y[496], -0.052878726,
posXYDebug.y[497], -0.052847907,
posXYDebug.y[498], -0.052819606,
posXYDebug.y[499], -0.052792378,
posXYDebug.y[500], -0.052767545,
posXYDebug.y[501], -0.05274377,
posXYDebug.y[502], -0.052722264,
posXYDebug.y[503], -0.052700996,
posXYDebug.y[504], -0.05268221,
posXYDebug.y[505], -0.052664064,
posXYDebug.y[506], -0.05264758,
posXYDebug.y[507], -0.05263236,
posXYDebug.y[508], -0.0526178,
posXYDebug.y[509], -0.05260475,
posXYDebug.y[510], -0.05259264,
posXYDebug.y[511], -0.052581925,
posXYDebug.y[512], -0.052572336,
posXYDebug.y[513], -0.052563835,
posXYDebug.y[514], -0.05255635,
posXYDebug.y[515], -0.05254985,
posXYDebug.y[516], -0.052544437,
posXYDebug.y[517], -0.052539613,
posXYDebug.y[518], -0.05253575,
posXYDebug.y[519], -0.052532863,
posXYDebug.y[520], -0.052530915,
posXYDebug.y[521], -0.052529655,
posXYDebug.y[522], -0.052529156,
posXYDebug.y[523], -0.052529346,
posXYDebug.y[524], -0.052530237,
posXYDebug.y[525], -0.05253179,
posXYDebug.y[526], -0.052534357,
posXYDebug.y[527], -0.052537315,
posXYDebug.y[528], -0.05254059,
posXYDebug.y[529], -0.052544165,
posXYDebug.y[530], -0.052548416,
posXYDebug.y[531], -0.052553046,
posXYDebug.y[532], -0.0525582,
posXYDebug.y[533], -0.05256327,
posXYDebug.y[534], -0.05256882,
posXYDebug.y[535], -0.0525746,
posXYDebug.y[536], -0.05258031,
posXYDebug.y[537], -0.052585866,
posXYDebug.y[538], -0.052591793,
posXYDebug.y[539], -0.052597452,
posXYDebug.y[540], -0.05260343,
posXYDebug.y[541], -0.052609377,
posXYDebug.y[542], -0.05261524,
posXYDebug.y[543], -0.05262176,
posXYDebug.y[544], -0.052628953,
posXYDebug.y[545], -0.05263602,
posXYDebug.y[546], -0.052642923,
posXYDebug.y[547], -0.052650057,
posXYDebug.y[548], -0.052656494,
posXYDebug.y[549], -0.052663118,
posXYDebug.y[550], -0.052669436,
posXYDebug.y[551], -0.05267492,
posXYDebug.y[552], -0.052679513,
posXYDebug.y[553], -0.052684207,
posXYDebug.y[554], -0.052688465,
posXYDebug.y[555], -0.052692264,
posXYDebug.y[556], -0.05269558,
posXYDebug.y[557], -0.052698947,
posXYDebug.y[558], -0.052701797,
posXYDebug.y[559], -0.05270526,
posXYDebug.y[560], -0.052708186,
posXYDebug.y[561], -0.052711144,
posXYDebug.y[562], -0.052713536,
posXYDebug.y[563], -0.052716557,
posXYDebug.y[564], -0.052718993,
posXYDebug.y[565], -0.052720834,
posXYDebug.y[566], -0.052722685,
posXYDebug.y[567], -0.052724548,
posXYDebug.y[568], -0.05272517,
posXYDebug.y[569], -0.05272642,
posXYDebug.y[570], -0.05272642,
posXYDebug.y[571], -0.05272642,
posXYDebug.y[572], -0.05272642,
posXYDebug.y[573], -0.05272642,
posXYDebug.y[574], -0.05272642,
posXYDebug.y[575], -0.05272642,
posXYDebug.y[576], -0.05272642,
posXYDebug.y[577], -0.05272642,
posXYDebug.y[578], -0.052725796,
posXYDebug.y[579], -0.052725796,
posXYDebug.y[580], -0.052725796,
posXYDebug.y[581], -0.052725796,
posXYDebug.y[582], -0.052725796,
posXYDebug.y[583], -0.052725796,
posXYDebug.y[584], -0.052725796,
posXYDebug.y[585], -0.052725796,
posXYDebug.y[586], -0.052725796,
posXYDebug.y[587], -0.052725796,
posXYDebug.y[588], -0.052725796,
posXYDebug.y[589], -0.052725796,
posXYDebug.y[590], -0.052725796,
posXYDebug.y[591], -0.052725796,
posXYDebug.y[592], -0.052725796,
posXYDebug.y[593], -0.052725796,
posXYDebug.y[594], -0.052725796,
posXYDebug.y[595], -0.052725796,
posXYDebug.y[596], -0.052725796,
posXYDebug.y[597], -0.052725796,
posXYDebug.y[598], -0.052725796,
posXYDebug.y[599], -0.052725796,
posXYDebug.y[600], -0.05272517,
posXYDebug.y[601], -0.05272517,
posXYDebug.y[602], -0.05272517,
posXYDebug.y[603], -0.05272517,
posXYDebug.y[604], -0.05272517,
posXYDebug.y[605], -0.05272517,
posXYDebug.y[606], -0.05272517,
posXYDebug.y[607], -0.05272517,
posXYDebug.y[608], -0.05272517,
posXYDebug.y[609], -0.05272517,
posXYDebug.y[610], -0.05272517,
posXYDebug.y[611], -0.05272517,
posXYDebug.y[612], -0.05272517,
posXYDebug.y[613], -0.05272517,
posXYDebug.y[614], -0.05272517,
posXYDebug.y[615], -0.05272517,
posXYDebug.y[616], -0.05272517,
posXYDebug.y[617], -0.05272517,
posXYDebug.y[618], -0.05272517,
posXYDebug.y[619], -0.05272517,
posXYDebug.y[620], -0.05272517,
posXYDebug.y[621], -0.05272517,
posXYDebug.y[622], -0.05272517,
posXYDebug.y[623], -0.05272517,
posXYDebug.y[624], -0.05272517,
posXYDebug.y[625], -0.05272517,
posXYDebug.y[626], -0.05272517,
posXYDebug.y[627], -0.05272517,
posXYDebug.y[628], -0.05272517,
posXYDebug.y[629], -0.05272517,
posXYDebug.y[630], -0.05272517,
posXYDebug.y[631], -0.05272517,
posXYDebug.y[632], -0.05272517,
posXYDebug.y[633], -0.05272517,
posXYDebug.y[634], -0.05272517,
posXYDebug.y[635], -0.05272517,
posXYDebug.y[636], -0.05272517,
posXYDebug.y[637], -0.05272517,
posXYDebug.y[638], -0.05272517,
posXYDebug.y[639], -0.05272517,
posXYDebug.y[640], -0.05272517,
posXYDebug.y[641], -0.05272517,
posXYDebug.y[642], -0.05272517,
posXYDebug.y[643], -0.052724544,
posXYDebug.y[644], -0.052724544,
posXYDebug.y[645], -0.052724544,
posXYDebug.y[646], -0.052724544,
posXYDebug.y[647], -0.052724544,
posXYDebug.y[648], -0.052724544,
posXYDebug.y[649], -0.052724544,
posXYDebug.y[650], -0.052724544,
posXYDebug.y[651], -0.052724544,
posXYDebug.y[652], -0.052724544,
posXYDebug.y[653], -0.052724544,
posXYDebug.y[654], -0.052724544,
posXYDebug.y[655], -0.052724544,
posXYDebug.y[656], -0.052724544,
posXYDebug.y[657], -0.052724544,
posXYDebug.y[658], -0.052724544,
posXYDebug.y[659], -0.052724544,
posXYDebug.y[660], -0.052724544,
posXYDebug.y[661], -0.052724544,
posXYDebug.y[662], -0.052724544,
posXYDebug.y[663], -0.052724544,
posXYDebug.y[664], -0.052724544,
posXYDebug.y[665], -0.052724544,
posXYDebug.y[666], -0.052724544,
posXYDebug.y[667], -0.052724544,
posXYDebug.y[668], -0.052724544,
posXYDebug.y[669], -0.052724544,
posXYDebug.y[670], -0.052724544,
posXYDebug.y[671], -0.052724544,
posXYDebug.y[672], -0.052724544,
posXYDebug.y[673], -0.052724544,
posXYDebug.y[674], -0.052724544,
posXYDebug.y[675], -0.052724544,
posXYDebug.y[676], -0.052724544,
posXYDebug.y[677], -0.052724544,
posXYDebug.y[678], -0.052724544,
posXYDebug.y[679], -0.052724544,
posXYDebug.y[680], -0.052724544,
posXYDebug.y[681], -0.052724544,
posXYDebug.y[682], -0.052724544,
posXYDebug.y[683], -0.052724544,
posXYDebug.y[684], -0.052724544,
posXYDebug.y[685], -0.052724544,
posXYDebug.y[686], -0.052724544,
posXYDebug.y[687], -0.052724544,
posXYDebug.y[688], -0.052724544,
posXYDebug.y[689], -0.052724544,
posXYDebug.y[690], -0.052724544,
posXYDebug.y[691], -0.052724544,
posXYDebug.y[692], -0.052724544,
posXYDebug.y[693], -0.052724544,
posXYDebug.y[694], -0.052724544,
posXYDebug.y[695], -0.052724544,
posXYDebug.y[696], -0.052724544,
posXYDebug.y[697], -0.052724544,
posXYDebug.y[698], -0.052724544,
posXYDebug.y[699], -0.052724544,
posXYDebug.y[700], -0.052724544,
posXYDebug.y[701], -0.052724544,
posXYDebug.y[702], -0.052724544,
posXYDebug.y[703], -0.052724544,
posXYDebug.y[704], -0.052724544,
posXYDebug.y[705], -0.052724544,
posXYDebug.y[706], -0.052724544,
posXYDebug.y[707], -0.052724544,
posXYDebug.y[708], -0.052724544,
posXYDebug.y[709], -0.052724544,
posXYDebug.y[710], -0.052724544,
posXYDebug.y[711], -0.052724544,
posXYDebug.y[712], -0.052724544,
posXYDebug.y[713], -0.052724544,
posXYDebug.y[714], -0.052724544,
posXYDebug.y[715], -0.052724544,
posXYDebug.y[716], -0.052724544,
posXYDebug.y[717], -0.052724544,
posXYDebug.y[718], -0.052724544,
posXYDebug.y[719], -0.052724544,
posXYDebug.y[720], -0.052724544,
posXYDebug.y[721], -0.052724544,
posXYDebug.y[722], -0.052724544,
posXYDebug.y[723], -0.052724544,
posXYDebug.y[724], -0.052724544,
posXYDebug.y[725], -0.052724544,
posXYDebug.y[726], -0.052724544,
posXYDebug.y[727], -0.052724544,
posXYDebug.y[728], -0.052724544,
posXYDebug.y[729], -0.052724544,
posXYDebug.y[730], -0.052724544,
posXYDebug.y[731], -0.052724544,
posXYDebug.y[732], -0.052724544,
posXYDebug.y[733], -0.052724544,
posXYDebug.y[734], -0.052724544,
posXYDebug.y[735], -0.052724544,
posXYDebug.y[736], -0.052724544,
posXYDebug.y[737], -0.052724544,
posXYDebug.y[738], -0.052724544,
posXYDebug.y[739], -0.052724544,
posXYDebug.y[740], -0.052724544,
posXYDebug.y[741], -0.052724544,
posXYDebug.y[742], -0.052724544,
posXYDebug.y[743], -0.052724544,
posXYDebug.y[744], -0.052723918,
posXYDebug.y[745], -0.052723918,
posXYDebug.y[746], -0.052723918,
posXYDebug.y[747], -0.052723918,
posXYDebug.y[748], -0.052723918,
posXYDebug.y[749], -0.052723918,
posXYDebug.y[750], -0.052723918,
posXYDebug.y[751], -0.052723918,
posXYDebug.y[752], -0.052723918,
posXYDebug.y[753], -0.052723918,
posXYDebug.y[754], -0.052723918,
posXYDebug.y[755], -0.052723918,
posXYDebug.y[756], -0.052723918,
posXYDebug.y[757], -0.052723918,
posXYDebug.y[758], -0.052723918,
posXYDebug.y[759], -0.052723918,
posXYDebug.y[760], -0.052723918,
posXYDebug.y[761], -0.052723918,
posXYDebug.y[762], -0.052723918,
posXYDebug.y[763], -0.052723918,
posXYDebug.y[764], -0.052723918,
posXYDebug.y[765], -0.052723918,
posXYDebug.y[766], -0.052723918,
posXYDebug.y[767], -0.052723918,
posXYDebug.y[768], -0.052723918,
posXYDebug.y[769], -0.052723918,
posXYDebug.y[770], -0.052723918,
posXYDebug.y[771], -0.052723918,
posXYDebug.y[772], -0.052723918,
posXYDebug.y[773], -0.052723918,
posXYDebug.y[774], -0.052723918,
posXYDebug.y[775], -0.052723918,
posXYDebug.y[776], -0.052723918,
posXYDebug.y[777], -0.052723918,
posXYDebug.y[778], -0.052723918,
posXYDebug.y[779], -0.052723918,
posXYDebug.y[780], -0.052723918,
posXYDebug.y[781], -0.052723918,
posXYDebug.y[782], -0.052723918,
posXYDebug.y[783], -0.052723918,
posXYDebug.y[784], -0.052723918,
posXYDebug.y[785], -0.052723918,
posXYDebug.y[786], -0.052723918,
posXYDebug.y[787], -0.052723918,
posXYDebug.y[788], -0.052723918,
posXYDebug.y[789], -0.052723918,
posXYDebug.y[790], -0.052723918,
posXYDebug.y[791], -0.052723918,
posXYDebug.y[792], -0.052723918,
posXYDebug.y[793], -0.052723918,
posXYDebug.y[794], -0.052723918,
posXYDebug.y[795], -0.052723918,
posXYDebug.y[796], -0.052723918,
posXYDebug.y[797], -0.052723918,
posXYDebug.y[798], -0.052723918,
posXYDebug.y[799], -0.052723918,
posXYDebug.y[800], -0.052723918,
posXYDebug.y[801], -0.052723918,
posXYDebug.y[802], -0.052723918,
posXYDebug.y[803], -0.052723918,
posXYDebug.y[804], -0.052723918,
posXYDebug.y[805], -0.052723918,
posXYDebug.y[806], -0.052723918,
posXYDebug.y[807], -0.052723918,
posXYDebug.y[808], -0.052723918,
posXYDebug.y[809], -0.052723918,
posXYDebug.y[810], -0.052723918,
posXYDebug.y[811], -0.052723918,
posXYDebug.y[812], -0.052723918,
posXYDebug.y[813], -0.052723918,
posXYDebug.y[814], -0.052723918,
posXYDebug.y[815], -0.052723918,
posXYDebug.y[816], -0.052723918,
posXYDebug.y[817], -0.052723918,
posXYDebug.y[818], -0.052723918,
posXYDebug.y[819], -0.052723918,
posXYDebug.y[820], -0.052723918,
posXYDebug.y[821], -0.052723918,
posXYDebug.y[822], -0.052723918,
posXYDebug.y[823], -0.052723918,
posXYDebug.y[824], -0.052723918,
posXYDebug.y[825], -0.052723918,
posXYDebug.y[826], -0.052723918,
posXYDebug.y[827], -0.052723918,
posXYDebug.y[828], -0.052723918,
posXYDebug.y[829], -0.052723918,
posXYDebug.y[830], -0.052723918,
posXYDebug.y[831], -0.052723918,
posXYDebug.y[832], -0.052723918,
posXYDebug.y[833], -0.052723918,
posXYDebug.y[834], -0.052723918,
posXYDebug.y[835], -0.052723918,
posXYDebug.y[836], -0.052723292,
posXYDebug.y[837], -0.052723292,
posXYDebug.y[838], -0.052723292,
posXYDebug.y[839], -0.052723292,
posXYDebug.y[840], -0.052723292,
posXYDebug.y[841], -0.052723292,
posXYDebug.y[842], -0.052723292,
posXYDebug.y[843], -0.052723292,
posXYDebug.y[844], -0.052723292,
posXYDebug.y[845], -0.052723292,
posXYDebug.y[846], -0.052723292,
posXYDebug.y[847], -0.052723292,
posXYDebug.y[848], -0.052723292,
posXYDebug.y[849], -0.052723292,
posXYDebug.y[850], -0.052723292,
posXYDebug.y[851], -0.052723292,
posXYDebug.y[852], -0.052723292,
posXYDebug.y[853], -0.052723292,
posXYDebug.y[854], -0.052723292,
posXYDebug.y[855], -0.052723292,
posXYDebug.y[856], -0.052723292,
posXYDebug.y[857], -0.052723292,
posXYDebug.y[858], -0.052723292,
posXYDebug.y[859], -0.052723292,
posXYDebug.y[860], -0.052723292,
posXYDebug.y[861], -0.052723292,
posXYDebug.y[862], -0.052723292,
posXYDebug.y[863], -0.052723292,
posXYDebug.y[864], -0.052723292,
posXYDebug.y[865], -0.052723292,
posXYDebug.y[866], -0.052723292,
posXYDebug.y[867], -0.052723292,
posXYDebug.y[868], -0.052723292,
posXYDebug.y[869], -0.052723292,
posXYDebug.y[870], -0.052723292,
posXYDebug.y[871], -0.052723292,
posXYDebug.y[872], -0.052723292,
posXYDebug.y[873], -0.052723292,
posXYDebug.y[874], -0.052723292,
posXYDebug.y[875], -0.052723292,
posXYDebug.y[876], -0.052723292,
posXYDebug.y[877], -0.052723292,
posXYDebug.y[878], -0.052723292,
posXYDebug.y[879], -0.052723292,
posXYDebug.y[880], -0.052723292,
posXYDebug.y[881], -0.052723292,
posXYDebug.y[882], -0.052723292,
posXYDebug.y[883], -0.052723292,
posXYDebug.y[884], -0.052723292,
posXYDebug.y[885], -0.052723292,
posXYDebug.y[886], -0.052723292,
posXYDebug.y[887], -0.052723292,
posXYDebug.y[888], -0.052723292,
posXYDebug.y[889], -0.052723292,
posXYDebug.y[890], -0.052723292,
posXYDebug.y[891], -0.052723292,
posXYDebug.y[892], -0.052723292,
posXYDebug.y[893], -0.052723292,
posXYDebug.y[894], -0.052723292,
posXYDebug.y[895], -0.052723292,
posXYDebug.y[896], -0.052723292,
posXYDebug.y[897], -0.052723292,
posXYDebug.y[898], -0.052723292,
posXYDebug.y[899], -0.052723292,
posXYDebug.y[900], -0.052723292,
posXYDebug.y[901], -0.052723292,
posXYDebug.y[902], -0.052723292,
posXYDebug.y[903], -0.052723292,
posXYDebug.y[904], -0.052723292,
posXYDebug.y[905], -0.052723292,
posXYDebug.y[906], -0.052723292,
posXYDebug.y[907], -0.052723292,
posXYDebug.y[908], -0.052723292,
posXYDebug.y[909], -0.052723292,
posXYDebug.y[910], -0.052723292,
posXYDebug.y[911], -0.052723292,
posXYDebug.y[912], -0.052723292,
posXYDebug.y[913], -0.052723292,
posXYDebug.y[914], -0.052723292,
posXYDebug.y[915], -0.052723292,
posXYDebug.y[916], -0.052723292,
posXYDebug.y[917], -0.052723292,
posXYDebug.y[918], -0.052723292,
posXYDebug.y[919], -0.052723292,
posXYDebug.y[920], -0.052723292,
posXYDebug.y[921], -0.052723292,
posXYDebug.y[922], -0.052723292,
posXYDebug.y[923], -0.052723292,
posXYDebug.y[924], -0.052723292,
posXYDebug.y[925], -0.052723292,
posXYDebug.y[926], -0.052723292,
posXYDebug.y[927], -0.052723292,
posXYDebug.y[928], -0.052723292,
posXYDebug.y[929], -0.052723292,
posXYDebug.y[930], -0.052723292,
posXYDebug.y[931], -0.052723292,
posXYDebug.y[932], -0.052723292,
posXYDebug.y[933], -0.052723292,
posXYDebug.y[934], -0.052723292,
posXYDebug.y[935], -0.052723292,
posXYDebug.y[936], -0.052723292,
posXYDebug.y[937], -0.052723292,
posXYDebug.y[938], -0.052723292,
posXYDebug.y[939], -0.052723292,
posXYDebug.y[940], -0.052723292,
posXYDebug.y[941], -0.052723292,
posXYDebug.y[942], -0.052723292,
posXYDebug.y[943], -0.052723292,
posXYDebug.y[944], -0.052723292,
posXYDebug.y[945], -0.052723292,
posXYDebug.y[946], -0.052722666,
posXYDebug.y[947], -0.052722666,
posXYDebug.y[948], -0.052722666,
posXYDebug.y[949], -0.052722666,
posXYDebug.y[950], -0.052722666,
posXYDebug.y[951], -0.052722666,
posXYDebug.y[952], -0.052722666,
posXYDebug.y[953], -0.052722666,
posXYDebug.y[954], -0.052722666,
posXYDebug.y[955], -0.052722666,
posXYDebug.y[956], -0.052722666,
posXYDebug.y[957], -0.052722666,
posXYDebug.y[958], -0.052722666,
posXYDebug.y[959], -0.052722666,
posXYDebug.y[960], -0.052722666,
posXYDebug.y[961], -0.052722666,
posXYDebug.y[962], -0.052722666,
posXYDebug.y[963], -0.052722666,
posXYDebug.y[964], -0.052722666,
posXYDebug.y[965], -0.052722666,
posXYDebug.y[966], -0.052722666,
posXYDebug.y[967], -0.052722666,
posXYDebug.y[968], -0.052722666,
posXYDebug.y[969], -0.052722666,
posXYDebug.y[970], -0.052722666,
posXYDebug.y[971], -0.052722666,
posXYDebug.y[972], -0.052722666,
posXYDebug.y[973], -0.052722666,
posXYDebug.y[974], -0.052722666,
posXYDebug.y[975], -0.052722666,
posXYDebug.y[976], -0.052722666,
posXYDebug.y[977], -0.052722666,
posXYDebug.y[978], -0.052722666,
posXYDebug.y[979], -0.052722666,
posXYDebug.y[980], -0.052722666,
posXYDebug.y[981], -0.052722666,
posXYDebug.y[982], -0.052722666,
posXYDebug.y[983], -0.052722666,
posXYDebug.y[984], -0.052722666,
posXYDebug.y[985], -0.052722666,
posXYDebug.y[986], -0.052722666,
posXYDebug.y[987], -0.052722666,
posXYDebug.y[988], -0.052722666,
posXYDebug.y[989], -0.052722666,
posXYDebug.y[990], -0.052722666,
posXYDebug.y[991], -0.052722666,
posXYDebug.y[992], -0.052722666,
posXYDebug.y[993], -0.052722666,
posXYDebug.y[994], -0.052722666,
posXYDebug.y[995], -0.052722666,
posXYDebug.y[996], -0.052722666,
posXYDebug.y[997], -0.052722666,
posXYDebug.y[998], -0.052722666,
posXYDebug.y[999], -0.052722666,
