speedDebug.cons_v[0], 0.005,
speedDebug.cons_v[1], 0.01,
speedDebug.cons_v[2], 0.015,
speedDebug.cons_v[3], 0.02,
speedDebug.cons_v[4], 0.024999999,
speedDebug.cons_v[5], 0.029999997,
speedDebug.cons_v[6], 0.034999996,
speedDebug.cons_v[7], 0.039999995,
speedDebug.cons_v[8], 0.044999994,
speedDebug.cons_v[9], 0.049999993,
speedDebug.cons_v[10], 0.054999992,
speedDebug.cons_v[11], 0.05999999,
speedDebug.cons_v[12], 0.06499999,
speedDebug.cons_v[13], 0.06999999,
speedDebug.cons_v[14], 0.074999996,
speedDebug.cons_v[15], 0.08,
speedDebug.cons_v[16], 0.085,
speedDebug.cons_v[17], 0.09,
speedDebug.cons_v[18], 0.095000006,
speedDebug.cons_v[19], 0.1,
speedDebug.cons_v[20], 0.1,
speedDebug.cons_v[21], 0.1,
speedDebug.cons_v[22], 0.1,
speedDebug.cons_v[23], 0.1,
speedDebug.cons_v[24], 0.1,
speedDebug.cons_v[25], 0.1,
speedDebug.cons_v[26], 0.1,
speedDebug.cons_v[27], 0.1,
speedDebug.cons_v[28], 0.1,
speedDebug.cons_v[29], 0.1,
speedDebug.cons_v[30], 0.1,
speedDebug.cons_v[31], 0.1,
speedDebug.cons_v[32], 0.1,
speedDebug.cons_v[33], 0.1,
speedDebug.cons_v[34], 0.1,
speedDebug.cons_v[35], 0.1,
speedDebug.cons_v[36], 0.1,
speedDebug.cons_v[37], 0.1,
speedDebug.cons_v[38], 0.1,
speedDebug.cons_v[39], 0.1,
speedDebug.cons_v[40], 0.1,
speedDebug.cons_v[41], 0.1,
speedDebug.cons_v[42], 0.1,
speedDebug.cons_v[43], 0.1,
speedDebug.cons_v[44], 0.1,
speedDebug.cons_v[45], 0.1,
speedDebug.cons_v[46], 0.1,
speedDebug.cons_v[47], 0.1,
speedDebug.cons_v[48], 0.1,
speedDebug.cons_v[49], 0.1,
speedDebug.cons_v[50], 0.1,
speedDebug.cons_v[51], 0.1,
speedDebug.cons_v[52], 0.1,
speedDebug.cons_v[53], 0.1,
speedDebug.cons_v[54], 0.1,
speedDebug.cons_v[55], 0.1,
speedDebug.cons_v[56], 0.1,
speedDebug.cons_v[57], 0.1,
speedDebug.cons_v[58], 0.1,
speedDebug.cons_v[59], 0.1,
speedDebug.cons_v[60], 0.1,
speedDebug.cons_v[61], 0.1,
speedDebug.cons_v[62], 0.1,
speedDebug.cons_v[63], 0.1,
speedDebug.cons_v[64], 0.1,
speedDebug.cons_v[65], 0.1,
speedDebug.cons_v[66], 0.1,
speedDebug.cons_v[67], 0.1,
speedDebug.cons_v[68], 0.1,
speedDebug.cons_v[69], 0.1,
speedDebug.cons_v[70], 0.1,
speedDebug.cons_v[71], 0.1,
speedDebug.cons_v[72], 0.1,
speedDebug.cons_v[73], 0.1,
speedDebug.cons_v[74], 0.1,
speedDebug.cons_v[75], 0.1,
speedDebug.cons_v[76], 0.1,
speedDebug.cons_v[77], 0.1,
speedDebug.cons_v[78], 0.1,
speedDebug.cons_v[79], 0.1,
speedDebug.cons_v[80], 0.1,
speedDebug.cons_v[81], 0.1,
speedDebug.cons_v[82], 0.1,
speedDebug.cons_v[83], 0.1,
speedDebug.cons_v[84], 0.1,
speedDebug.cons_v[85], 0.1,
speedDebug.cons_v[86], 0.1,
speedDebug.cons_v[87], 0.1,
speedDebug.cons_v[88], 0.1,
speedDebug.cons_v[89], 0.1,
speedDebug.cons_v[90], 0.1,
speedDebug.cons_v[91], 0.1,
speedDebug.cons_v[92], 0.1,
speedDebug.cons_v[93], 0.1,
speedDebug.cons_v[94], 0.1,
speedDebug.cons_v[95], 0.1,
speedDebug.cons_v[96], 0.1,
speedDebug.cons_v[97], 0.1,
speedDebug.cons_v[98], 0.1,
speedDebug.cons_v[99], 0.1,
speedDebug.cons_v[100], 0.1,
speedDebug.cons_v[101], 0.1,
speedDebug.cons_v[102], 0.1,
speedDebug.cons_v[103], 0.1,
speedDebug.cons_v[104], 0.1,
speedDebug.cons_v[105], 0.1,
speedDebug.cons_v[106], 0.1,
speedDebug.cons_v[107], 0.1,
speedDebug.cons_v[108], 0.1,
speedDebug.cons_v[109], 0.1,
speedDebug.cons_v[110], 0.1,
speedDebug.cons_v[111], 0.1,
speedDebug.cons_v[112], 0.1,
speedDebug.cons_v[113], 0.1,
speedDebug.cons_v[114], 0.1,
speedDebug.cons_v[115], 0.1,
speedDebug.cons_v[116], 0.1,
speedDebug.cons_v[117], 0.1,
speedDebug.cons_v[118], 0.1,
speedDebug.cons_v[119], 0.1,
speedDebug.cons_v[120], 0.1,
speedDebug.cons_v[121], 0.1,
speedDebug.cons_v[122], 0.1,
speedDebug.cons_v[123], 0.1,
speedDebug.cons_v[124], 0.1,
speedDebug.cons_v[125], 0.1,
speedDebug.cons_v[126], 0.1,
speedDebug.cons_v[127], 0.1,
speedDebug.cons_v[128], 0.1,
speedDebug.cons_v[129], 0.1,
speedDebug.cons_v[130], 0.1,
speedDebug.cons_v[131], 0.1,
speedDebug.cons_v[132], 0.1,
speedDebug.cons_v[133], 0.1,
speedDebug.cons_v[134], 0.1,
speedDebug.cons_v[135], 0.1,
speedDebug.cons_v[136], 0.1,
speedDebug.cons_v[137], 0.1,
speedDebug.cons_v[138], 0.1,
speedDebug.cons_v[139], 0.1,
speedDebug.cons_v[140], 0.1,
speedDebug.cons_v[141], 0.1,
speedDebug.cons_v[142], 0.1,
speedDebug.cons_v[143], 0.1,
speedDebug.cons_v[144], 0.1,
speedDebug.cons_v[145], 0.1,
speedDebug.cons_v[146], 0.1,
speedDebug.cons_v[147], 0.1,
speedDebug.cons_v[148], 0.1,
speedDebug.cons_v[149], 0.1,
speedDebug.cons_v[150], 0.1,
speedDebug.cons_v[151], 0.1,
speedDebug.cons_v[152], 0.1,
speedDebug.cons_v[153], 0.1,
speedDebug.cons_v[154], 0.1,
speedDebug.cons_v[155], 0.1,
speedDebug.cons_v[156], 0.1,
speedDebug.cons_v[157], 0.1,
speedDebug.cons_v[158], 0.1,
speedDebug.cons_v[159], 0.1,
speedDebug.cons_v[160], 0.1,
speedDebug.cons_v[161], 0.1,
speedDebug.cons_v[162], 0.1,
speedDebug.cons_v[163], 0.1,
speedDebug.cons_v[164], 0.1,
speedDebug.cons_v[165], 0.1,
speedDebug.cons_v[166], 0.1,
speedDebug.cons_v[167], 0.1,
speedDebug.cons_v[168], 0.1,
speedDebug.cons_v[169], 0.1,
speedDebug.cons_v[170], 0.1,
speedDebug.cons_v[171], 0.1,
speedDebug.cons_v[172], 0.1,
speedDebug.cons_v[173], 0.1,
speedDebug.cons_v[174], 0.1,
speedDebug.cons_v[175], 0.1,
speedDebug.cons_v[176], 0.1,
speedDebug.cons_v[177], 0.1,
speedDebug.cons_v[178], 0.1,
speedDebug.cons_v[179], 0.1,
speedDebug.cons_v[180], 0.1,
speedDebug.cons_v[181], 0.1,
speedDebug.cons_v[182], 0.1,
speedDebug.cons_v[183], 0.1,
speedDebug.cons_v[184], 0.1,
speedDebug.cons_v[185], 0.1,
speedDebug.cons_v[186], 0.1,
speedDebug.cons_v[187], 0.1,
speedDebug.cons_v[188], 0.1,
speedDebug.cons_v[189], 0.1,
speedDebug.cons_v[190], 0.1,
speedDebug.cons_v[191], 0.1,
speedDebug.cons_v[192], 0.1,
speedDebug.cons_v[193], 0.1,
speedDebug.cons_v[194], 0.1,
speedDebug.cons_v[195], 0.1,
speedDebug.cons_v[196], 0.1,
speedDebug.cons_v[197], 0.1,
speedDebug.cons_v[198], 0.1,
speedDebug.cons_v[199], 0.1,
speedDebug.cons_v[200], 0.095,
speedDebug.cons_v[201], 0.089999996,
speedDebug.cons_v[202], 0.08499999,
speedDebug.cons_v[203], 0.07999999,
speedDebug.cons_v[204], 0.07499999,
speedDebug.cons_v[205], 0.069999985,
speedDebug.cons_v[206], 0.06499998,
speedDebug.cons_v[207], 0.059999984,
speedDebug.cons_v[208], 0.054999985,
speedDebug.cons_v[209], 0.049999986,
speedDebug.cons_v[210], 0.044999987,
speedDebug.cons_v[211], 0.039999988,
speedDebug.cons_v[212], 0.03499999,
speedDebug.cons_v[213], 0.02999999,
speedDebug.cons_v[214], 0.024999991,
speedDebug.cons_v[215], 0.019999992,
speedDebug.cons_v[216], 0.014999992,
speedDebug.cons_v[217], 0.009999992,
speedDebug.cons_v[218], 0.0049999924,
speedDebug.cons_v[219], 0.0,
speedDebug.cons_v[220], 0.0,
speedDebug.cons_v[221], 0.0,
speedDebug.cons_v[222], 0.0,
speedDebug.cons_v[223], 0.0,
speedDebug.cons_v[224], 0.0,
speedDebug.cons_v[225], 0.0,
speedDebug.cons_v[226], 0.0,
speedDebug.cons_v[227], 0.0,
speedDebug.cons_v[228], 0.0,
speedDebug.cons_v[229], 0.0,
speedDebug.cons_v[230], 0.0,
speedDebug.cons_v[231], 0.0,
speedDebug.cons_v[232], 0.0,
speedDebug.cons_v[233], 0.0,
speedDebug.cons_v[234], 0.0,
speedDebug.cons_v[235], 0.0,
speedDebug.cons_v[236], 0.0,
speedDebug.cons_v[237], 0.0,
speedDebug.cons_v[238], 0.0,
speedDebug.cons_v[239], 0.0,
speedDebug.cons_v[240], 0.0,
speedDebug.cons_v[241], 0.0,
speedDebug.cons_v[242], 0.0,
speedDebug.cons_v[243], 0.0,
speedDebug.cons_v[244], 0.0,
speedDebug.cons_v[245], 0.0,
speedDebug.cons_v[246], 0.0,
speedDebug.cons_v[247], 0.0,
speedDebug.cons_v[248], 0.0,
speedDebug.cons_v[249], 0.0,
speedDebug.cons_v[250], 0.0,
speedDebug.cons_v[251], 0.0,
speedDebug.cons_v[252], 0.0,
speedDebug.cons_v[253], 0.0,
speedDebug.cons_v[254], 0.0,
speedDebug.cons_v[255], 0.0,
speedDebug.cons_v[256], 0.0,
speedDebug.cons_v[257], 0.0,
speedDebug.cons_v[258], 0.0,
speedDebug.cons_v[259], 0.0,
speedDebug.cons_v[260], 0.0,
speedDebug.cons_v[261], 0.0,
speedDebug.cons_v[262], 0.0,
speedDebug.cons_v[263], 0.0,
speedDebug.cons_v[264], 0.0,
speedDebug.cons_v[265], 0.0,
speedDebug.cons_v[266], 0.0,
speedDebug.cons_v[267], 0.0,
speedDebug.cons_v[268], 0.0,
speedDebug.cons_v[269], 0.0,
speedDebug.cons_v[270], 0.0,
speedDebug.cons_v[271], 0.0,
speedDebug.cons_v[272], 0.0,
speedDebug.cons_v[273], 0.0,
speedDebug.cons_v[274], 0.0,
speedDebug.cons_v[275], 0.0,
speedDebug.cons_v[276], 0.0,
speedDebug.cons_v[277], 0.0,
speedDebug.cons_v[278], 0.0,
speedDebug.cons_v[279], 0.0,
speedDebug.cons_v[280], 0.0,
speedDebug.cons_v[281], 0.0,
speedDebug.cons_v[282], 0.0,
speedDebug.cons_v[283], 0.0,
speedDebug.cons_v[284], 0.0,
speedDebug.cons_v[285], 0.0,
speedDebug.cons_v[286], 0.0,
speedDebug.cons_v[287], 0.0,
speedDebug.cons_v[288], 0.0,
speedDebug.cons_v[289], 0.0,
speedDebug.cons_v[290], 0.0,
speedDebug.cons_v[291], 0.0,
speedDebug.cons_v[292], 0.0,
speedDebug.cons_v[293], 0.0,
speedDebug.cons_v[294], 0.0,
speedDebug.cons_v[295], 0.0,
speedDebug.cons_v[296], 0.0,
speedDebug.cons_v[297], 0.0,
speedDebug.cons_v[298], 0.0,
speedDebug.cons_v[299], 0.0,
speedDebug.cons_v[300], 0.0,
speedDebug.cons_v[301], 0.0,
speedDebug.cons_v[302], 0.0,
speedDebug.cons_v[303], 0.0,
speedDebug.cons_v[304], 0.0,
speedDebug.cons_v[305], 0.0,
speedDebug.cons_v[306], 0.0,
speedDebug.cons_v[307], 0.0,
speedDebug.cons_v[308], 0.0,
speedDebug.cons_v[309], 0.0,
speedDebug.cons_v[310], 0.0,
speedDebug.cons_v[311], 0.0,
speedDebug.cons_v[312], 0.0,
speedDebug.cons_v[313], 0.0,
speedDebug.cons_v[314], 0.0,
speedDebug.cons_v[315], 0.0,
speedDebug.cons_v[316], 0.0,
speedDebug.cons_v[317], 0.0,
speedDebug.cons_v[318], 0.0,
speedDebug.cons_v[319], 0.0,
speedDebug.cons_v[320], 0.0,
speedDebug.cons_v[321], 0.0,
speedDebug.cons_v[322], 0.0,
speedDebug.cons_v[323], 0.0,
speedDebug.cons_v[324], 0.0,
speedDebug.cons_v[325], 0.0,
speedDebug.cons_v[326], 0.0,
speedDebug.cons_v[327], 0.0,
speedDebug.cons_v[328], 0.0,
speedDebug.cons_v[329], 0.0,
speedDebug.cons_v[330], 0.0,
speedDebug.cons_v[331], 0.0,
speedDebug.cons_v[332], 0.0,
speedDebug.cons_v[333], 0.0,
speedDebug.cons_v[334], 0.0,
speedDebug.cons_v[335], 0.0,
speedDebug.cons_v[336], 0.0,
speedDebug.cons_v[337], 0.0,
speedDebug.cons_v[338], 0.0,
speedDebug.cons_v[339], 0.0,
speedDebug.cons_v[340], 0.0,
speedDebug.cons_v[341], 0.0,
speedDebug.cons_v[342], 0.0,
speedDebug.cons_v[343], 0.0,
speedDebug.cons_v[344], 0.0,
speedDebug.cons_v[345], 0.0,
speedDebug.cons_v[346], 0.0,
speedDebug.cons_v[347], 0.0,
speedDebug.cons_v[348], 0.0,
speedDebug.cons_v[349], 0.0,
speedDebug.cons_v[350], 0.0,
speedDebug.cons_v[351], 0.0,
speedDebug.cons_v[352], 0.0,
speedDebug.cons_v[353], 0.0,
speedDebug.cons_v[354], 0.0,
speedDebug.cons_v[355], 0.0,
speedDebug.cons_v[356], 0.0,
speedDebug.cons_v[357], 0.0,
speedDebug.cons_v[358], 0.0,
speedDebug.cons_v[359], 0.0,
speedDebug.cons_v[360], 0.0,
speedDebug.cons_v[361], 0.0,
speedDebug.cons_v[362], 0.0,
speedDebug.cons_v[363], 0.0,
speedDebug.cons_v[364], 0.0,
speedDebug.cons_v[365], 0.0,
speedDebug.cons_v[366], 0.0,
speedDebug.cons_v[367], 0.0,
speedDebug.cons_v[368], 0.0,
speedDebug.cons_v[369], 0.0,
speedDebug.cons_v[370], 0.0,
speedDebug.cons_v[371], 0.0,
speedDebug.cons_v[372], 0.0,
speedDebug.cons_v[373], 0.0,
speedDebug.cons_v[374], 0.0,
speedDebug.cons_v[375], 0.0,
speedDebug.cons_v[376], 0.0,
speedDebug.cons_v[377], 0.0,
speedDebug.cons_v[378], 0.0,
speedDebug.cons_v[379], 0.0,
speedDebug.cons_v[380], 0.0,
speedDebug.cons_v[381], 0.0,
speedDebug.cons_v[382], 0.0,
speedDebug.cons_v[383], 0.0,
speedDebug.cons_v[384], 0.0,
speedDebug.cons_v[385], 0.0,
speedDebug.cons_v[386], 0.0,
speedDebug.cons_v[387], 0.0,
speedDebug.cons_v[388], 0.0,
speedDebug.cons_v[389], 0.0,
speedDebug.cons_v[390], 0.0,
speedDebug.cons_v[391], 0.0,
speedDebug.cons_v[392], 0.0,
speedDebug.cons_v[393], 0.0,
speedDebug.cons_v[394], 0.0,
speedDebug.cons_v[395], 0.0,
speedDebug.cons_v[396], 0.0,
speedDebug.cons_v[397], 0.0,
speedDebug.cons_v[398], 0.0,
speedDebug.cons_v[399], 0.0,
