speedDebug.cons_v[0], 0.0,
speedDebug.cons_v[1], 0.0034999999,
speedDebug.cons_v[2], 0.0069999998,
speedDebug.cons_v[3], 0.0105,
speedDebug.cons_v[4], 0.0139999995,
speedDebug.cons_v[5], 0.0175,
speedDebug.cons_v[6], 0.021,
speedDebug.cons_v[7], 0.0245,
speedDebug.cons_v[8], 0.027999999,
speedDebug.cons_v[9], 0.0315,
speedDebug.cons_v[10], 0.035,
speedDebug.cons_v[11], 0.0385,
speedDebug.cons_v[12], 0.042,
speedDebug.cons_v[13], 0.0455,
speedDebug.cons_v[14], 0.049,
speedDebug.cons_v[15], 0.0525,
speedDebug.cons_v[16], 0.055999998,
speedDebug.cons_v[17], 0.059499998,
speedDebug.cons_v[18], 0.063,
speedDebug.cons_v[19], 0.0665,
speedDebug.cons_v[20], 0.07,
speedDebug.cons_v[21], 0.0735,
speedDebug.cons_v[22], 0.077,
speedDebug.cons_v[23], 0.0805,
speedDebug.cons_v[24], 0.084,
speedDebug.cons_v[25], 0.0875,
speedDebug.cons_v[26], 0.091,
speedDebug.cons_v[27], 0.0945,
speedDebug.cons_v[28], 0.098,
speedDebug.cons_v[29], 0.1015,
speedDebug.cons_v[30], 0.105,
speedDebug.cons_v[31], 0.1085,
speedDebug.cons_v[32], 0.111999996,
speedDebug.cons_v[33], 0.115499996,
speedDebug.cons_v[34], 0.118999995,
speedDebug.cons_v[35], 0.122499995,
speedDebug.cons_v[36], 0.126,
speedDebug.cons_v[37], 0.1295,
speedDebug.cons_v[38], 0.133,
speedDebug.cons_v[39], 0.1365,
speedDebug.cons_v[40], 0.14,
speedDebug.cons_v[41], 0.1435,
speedDebug.cons_v[42], 0.147,
speedDebug.cons_v[43], 0.1505,
speedDebug.cons_v[44], 0.154,
speedDebug.cons_v[45], 0.1575,
speedDebug.cons_v[46], 0.161,
speedDebug.cons_v[47], 0.1645,
speedDebug.cons_v[48], 0.168,
speedDebug.cons_v[49], 0.1715,
speedDebug.cons_v[50], 0.175,
speedDebug.cons_v[51], 0.1785,
speedDebug.cons_v[52], 0.182,
speedDebug.cons_v[53], 0.1855,
speedDebug.cons_v[54], 0.189,
speedDebug.cons_v[55], 0.1925,
speedDebug.cons_v[56], 0.196,
speedDebug.cons_v[57], 0.1995,
speedDebug.cons_v[58], 0.203,
speedDebug.cons_v[59], 0.2065,
speedDebug.cons_v[60], 0.21,
speedDebug.cons_v[61], 0.2135,
speedDebug.cons_v[62], 0.217,
speedDebug.cons_v[63], 0.22049999,
speedDebug.cons_v[64], 0.22399999,
speedDebug.cons_v[65], 0.22749999,
speedDebug.cons_v[66], 0.23099999,
speedDebug.cons_v[67], 0.23449999,
speedDebug.cons_v[68], 0.23799999,
speedDebug.cons_v[69], 0.24149999,
speedDebug.cons_v[70], 0.24499999,
speedDebug.cons_v[71], 0.24849999,
speedDebug.cons_v[72], 0.252,
speedDebug.cons_v[73], 0.25550002,
speedDebug.cons_v[74], 0.25900003,
speedDebug.cons_v[75], 0.26250005,
speedDebug.cons_v[76], 0.26600006,
speedDebug.cons_v[77], 0.26950008,
speedDebug.cons_v[78], 0.2730001,
speedDebug.cons_v[79], 0.2765001,
speedDebug.cons_v[80], 0.28000012,
speedDebug.cons_v[81], 0.28350013,
speedDebug.cons_v[82], 0.28700015,
speedDebug.cons_v[83], 0.29050016,
speedDebug.cons_v[84], 0.29400018,
speedDebug.cons_v[85], 0.2975002,
speedDebug.cons_v[86], 0.3010002,
speedDebug.cons_v[87], 0.30450022,
speedDebug.cons_v[88], 0.30800024,
speedDebug.cons_v[89], 0.31150025,
speedDebug.cons_v[90], 0.31500027,
speedDebug.cons_v[91], 0.31850028,
speedDebug.cons_v[92], 0.3220003,
speedDebug.cons_v[93], 0.3255003,
speedDebug.cons_v[94], 0.32900032,
speedDebug.cons_v[95], 0.33250034,
speedDebug.cons_v[96], 0.33600035,
speedDebug.cons_v[97], 0.33950037,
speedDebug.cons_v[98], 0.34300038,
speedDebug.cons_v[99], 0.3465004,
speedDebug.cons_v[100], 0.3500004,
speedDebug.cons_v[101], 0.35350043,
speedDebug.cons_v[102], 0.35700044,
speedDebug.cons_v[103], 0.36050045,
speedDebug.cons_v[104], 0.36400047,
speedDebug.cons_v[105], 0.36750048,
speedDebug.cons_v[106], 0.3710005,
speedDebug.cons_v[107], 0.3745005,
speedDebug.cons_v[108], 0.37800053,
speedDebug.cons_v[109], 0.38150054,
speedDebug.cons_v[110], 0.38500056,
speedDebug.cons_v[111], 0.38850057,
speedDebug.cons_v[112], 0.3920006,
speedDebug.cons_v[113], 0.3955006,
speedDebug.cons_v[114], 0.3990006,
speedDebug.cons_v[115], 0.4,
speedDebug.cons_v[116], 0.4,
speedDebug.cons_v[117], 0.4,
speedDebug.cons_v[118], 0.4,
speedDebug.cons_v[119], 0.4,
speedDebug.cons_v[120], 0.4,
speedDebug.cons_v[121], 0.4,
speedDebug.cons_v[122], 0.4,
speedDebug.cons_v[123], 0.4,
speedDebug.cons_v[124], 0.4,
speedDebug.cons_v[125], 0.4,
speedDebug.cons_v[126], 0.4,
speedDebug.cons_v[127], 0.4,
speedDebug.cons_v[128], 0.4,
speedDebug.cons_v[129], 0.4,
speedDebug.cons_v[130], 0.4,
speedDebug.cons_v[131], 0.4,
speedDebug.cons_v[132], 0.4,
speedDebug.cons_v[133], 0.4,
speedDebug.cons_v[134], 0.4,
speedDebug.cons_v[135], 0.4,
speedDebug.cons_v[136], 0.4,
speedDebug.cons_v[137], 0.4,
speedDebug.cons_v[138], 0.4,
speedDebug.cons_v[139], 0.4,
speedDebug.cons_v[140], 0.4,
speedDebug.cons_v[141], 0.4,
speedDebug.cons_v[142], 0.4,
speedDebug.cons_v[143], 0.4,
speedDebug.cons_v[144], 0.4,
speedDebug.cons_v[145], 0.4,
speedDebug.cons_v[146], 0.4,
speedDebug.cons_v[147], 0.4,
speedDebug.cons_v[148], 0.4,
speedDebug.cons_v[149], 0.4,
speedDebug.cons_v[150], 0.4,
speedDebug.cons_v[151], 0.4,
speedDebug.cons_v[152], 0.4,
speedDebug.cons_v[153], 0.4,
speedDebug.cons_v[154], 0.4,
speedDebug.cons_v[155], 0.4,
speedDebug.cons_v[156], 0.4,
speedDebug.cons_v[157], 0.4,
speedDebug.cons_v[158], 0.4,
speedDebug.cons_v[159], 0.4,
speedDebug.cons_v[160], 0.4,
speedDebug.cons_v[161], 0.4,
speedDebug.cons_v[162], 0.4,
speedDebug.cons_v[163], 0.4,
speedDebug.cons_v[164], 0.4,
speedDebug.cons_v[165], 0.4,
speedDebug.cons_v[166], 0.4,
speedDebug.cons_v[167], 0.4,
speedDebug.cons_v[168], 0.4,
speedDebug.cons_v[169], 0.4,
speedDebug.cons_v[170], 0.4,
speedDebug.cons_v[171], 0.4,
speedDebug.cons_v[172], 0.4,
speedDebug.cons_v[173], 0.4,
speedDebug.cons_v[174], 0.4,
speedDebug.cons_v[175], 0.4,
speedDebug.cons_v[176], 0.4,
speedDebug.cons_v[177], 0.4,
speedDebug.cons_v[178], 0.4,
speedDebug.cons_v[179], 0.4,
speedDebug.cons_v[180], 0.4,
speedDebug.cons_v[181], 0.4,
speedDebug.cons_v[182], 0.4,
speedDebug.cons_v[183], 0.4,
speedDebug.cons_v[184], 0.4,
speedDebug.cons_v[185], 0.4,
speedDebug.cons_v[186], 0.4,
speedDebug.cons_v[187], 0.4,
speedDebug.cons_v[188], 0.4,
speedDebug.cons_v[189], 0.4,
speedDebug.cons_v[190], 0.4,
speedDebug.cons_v[191], 0.4,
speedDebug.cons_v[192], 0.4,
speedDebug.cons_v[193], 0.4,
speedDebug.cons_v[194], 0.4,
speedDebug.cons_v[195], 0.4,
speedDebug.cons_v[196], 0.4,
speedDebug.cons_v[197], 0.4,
speedDebug.cons_v[198], 0.4,
speedDebug.cons_v[199], 0.4,
speedDebug.cons_v[200], 0.4,
speedDebug.cons_v[201], 0.4,
speedDebug.cons_v[202], 0.4,
speedDebug.cons_v[203], 0.4,
speedDebug.cons_v[204], 0.4,
speedDebug.cons_v[205], 0.4,
speedDebug.cons_v[206], 0.4,
speedDebug.cons_v[207], 0.4,
speedDebug.cons_v[208], 0.4,
speedDebug.cons_v[209], 0.4,
speedDebug.cons_v[210], 0.4,
speedDebug.cons_v[211], 0.4,
speedDebug.cons_v[212], 0.4,
speedDebug.cons_v[213], 0.4,
speedDebug.cons_v[214], 0.4,
speedDebug.cons_v[215], 0.4,
speedDebug.cons_v[216], 0.4,
speedDebug.cons_v[217], 0.4,
speedDebug.cons_v[218], 0.4,
speedDebug.cons_v[219], 0.4,
speedDebug.cons_v[220], 0.4,
speedDebug.cons_v[221], 0.4,
speedDebug.cons_v[222], 0.4,
speedDebug.cons_v[223], 0.4,
speedDebug.cons_v[224], 0.4,
speedDebug.cons_v[225], 0.4,
speedDebug.cons_v[226], 0.4,
speedDebug.cons_v[227], 0.4,
speedDebug.cons_v[228], 0.4,
speedDebug.cons_v[229], 0.4,
speedDebug.cons_v[230], 0.4,
speedDebug.cons_v[231], 0.4,
speedDebug.cons_v[232], 0.4,
speedDebug.cons_v[233], 0.4,
speedDebug.cons_v[234], 0.4,
speedDebug.cons_v[235], 0.4,
speedDebug.cons_v[236], 0.4,
speedDebug.cons_v[237], 0.4,
speedDebug.cons_v[238], 0.4,
speedDebug.cons_v[239], 0.4,
speedDebug.cons_v[240], 0.4,
speedDebug.cons_v[241], 0.4,
speedDebug.cons_v[242], 0.4,
speedDebug.cons_v[243], 0.4,
speedDebug.cons_v[244], 0.4,
speedDebug.cons_v[245], 0.4,
speedDebug.cons_v[246], 0.4,
speedDebug.cons_v[247], 0.4,
speedDebug.cons_v[248], 0.4,
speedDebug.cons_v[249], 0.4,
speedDebug.cons_v[250], 0.4,
speedDebug.cons_v[251], 0.4,
speedDebug.cons_v[252], 0.4,
speedDebug.cons_v[253], 0.4,
speedDebug.cons_v[254], 0.4,
speedDebug.cons_v[255], 0.4,
speedDebug.cons_v[256], 0.4,
speedDebug.cons_v[257], 0.4,
speedDebug.cons_v[258], 0.4,
speedDebug.cons_v[259], 0.4,
speedDebug.cons_v[260], 0.4,
speedDebug.cons_v[261], 0.4,
speedDebug.cons_v[262], 0.4,
speedDebug.cons_v[263], 0.4,
speedDebug.cons_v[264], 0.4,
speedDebug.cons_v[265], 0.4,
speedDebug.cons_v[266], 0.4,
speedDebug.cons_v[267], 0.4,
speedDebug.cons_v[268], 0.4,
speedDebug.cons_v[269], 0.4,
speedDebug.cons_v[270], 0.4,
speedDebug.cons_v[271], 0.4,
speedDebug.cons_v[272], 0.4,
speedDebug.cons_v[273], 0.4,
speedDebug.cons_v[274], 0.4,
speedDebug.cons_v[275], 0.4,
speedDebug.cons_v[276], 0.4,
speedDebug.cons_v[277], 0.4,
speedDebug.cons_v[278], 0.4,
speedDebug.cons_v[279], 0.4,
speedDebug.cons_v[280], 0.4,
speedDebug.cons_v[281], 0.4,
speedDebug.cons_v[282], 0.4,
speedDebug.cons_v[283], 0.4,
speedDebug.cons_v[284], 0.4,
speedDebug.cons_v[285], 0.4,
speedDebug.cons_v[286], 0.4,
speedDebug.cons_v[287], 0.4,
speedDebug.cons_v[288], 0.4,
speedDebug.cons_v[289], 0.4,
speedDebug.cons_v[290], 0.4,
speedDebug.cons_v[291], 0.4,
speedDebug.cons_v[292], 0.4,
speedDebug.cons_v[293], 0.4,
speedDebug.cons_v[294], 0.4,
speedDebug.cons_v[295], 0.4,
speedDebug.cons_v[296], 0.4,
speedDebug.cons_v[297], 0.4,
speedDebug.cons_v[298], 0.4,
speedDebug.cons_v[299], 0.4,
