speedDebug.cons_vt[0], 0.049999997,
speedDebug.cons_vt[1], 0.099999994,
speedDebug.cons_vt[2], 0.14999999,
speedDebug.cons_vt[3], 0.19999999,
speedDebug.cons_vt[4], 0.24999999,
speedDebug.cons_vt[5], 0.29999998,
speedDebug.cons_vt[6], 0.34999996,
speedDebug.cons_vt[7], 0.39999998,
speedDebug.cons_vt[8], 0.45,
speedDebug.cons_vt[9], 0.5,
speedDebug.cons_vt[10], 0.55,
speedDebug.cons_vt[11], 0.6,
speedDebug.cons_vt[12], 0.65000004,
speedDebug.cons_vt[13], 0.70000005,
speedDebug.cons_vt[14], 0.75000006,
speedDebug.cons_vt[15], 0.8000001,
speedDebug.cons_vt[16], 0.8500001,
speedDebug.cons_vt[17], 0.9000001,
speedDebug.cons_vt[18], 0.9500001,
speedDebug.cons_vt[19], 1.0000001,
speedDebug.cons_vt[20], 1.0500001,
speedDebug.cons_vt[21], 1.1,
speedDebug.cons_vt[22], 1.15,
speedDebug.cons_vt[23], 1.1999999,
speedDebug.cons_vt[24], 1.2499999,
speedDebug.cons_vt[25], 1.2999998,
speedDebug.cons_vt[26], 1.3499998,
speedDebug.cons_vt[27], 1.3999997,
speedDebug.cons_vt[28], 1.4499997,
speedDebug.cons_vt[29], 1.4999996,
speedDebug.cons_vt[30], 1.5499996,
speedDebug.cons_vt[31], 1.5999995,
speedDebug.cons_vt[32], 1.6499995,
speedDebug.cons_vt[33], 1.6999995,
speedDebug.cons_vt[34], 1.7499994,
speedDebug.cons_vt[35], 1.7999994,
speedDebug.cons_vt[36], 1.8499993,
speedDebug.cons_vt[37], 1.8999993,
speedDebug.cons_vt[38], 1.9499992,
speedDebug.cons_vt[39], 1.9999992,
speedDebug.cons_vt[40], 2.0,
speedDebug.cons_vt[41], 2.0,
speedDebug.cons_vt[42], 2.0,
speedDebug.cons_vt[43], 2.0,
speedDebug.cons_vt[44], 2.0,
speedDebug.cons_vt[45], 2.0,
speedDebug.cons_vt[46], 2.0,
speedDebug.cons_vt[47], 2.0,
speedDebug.cons_vt[48], 2.0,
speedDebug.cons_vt[49], 2.0,
speedDebug.cons_vt[50], 2.0,
speedDebug.cons_vt[51], 2.0,
speedDebug.cons_vt[52], 2.0,
speedDebug.cons_vt[53], 2.0,
speedDebug.cons_vt[54], 2.0,
speedDebug.cons_vt[55], 2.0,
speedDebug.cons_vt[56], 2.0,
speedDebug.cons_vt[57], 2.0,
speedDebug.cons_vt[58], 2.0,
speedDebug.cons_vt[59], 2.0,
speedDebug.cons_vt[60], 2.0,
speedDebug.cons_vt[61], 2.0,
speedDebug.cons_vt[62], 2.0,
speedDebug.cons_vt[63], 2.0,
speedDebug.cons_vt[64], 2.0,
speedDebug.cons_vt[65], 2.0,
speedDebug.cons_vt[66], 2.0,
speedDebug.cons_vt[67], 2.0,
speedDebug.cons_vt[68], 2.0,
speedDebug.cons_vt[69], 2.0,
speedDebug.cons_vt[70], 2.0,
speedDebug.cons_vt[71], 2.0,
speedDebug.cons_vt[72], 2.0,
speedDebug.cons_vt[73], 2.0,
speedDebug.cons_vt[74], 2.0,
speedDebug.cons_vt[75], 2.0,
speedDebug.cons_vt[76], 2.0,
speedDebug.cons_vt[77], 2.0,
speedDebug.cons_vt[78], 2.0,
speedDebug.cons_vt[79], 2.0,
speedDebug.cons_vt[80], 2.0,
speedDebug.cons_vt[81], 2.0,
speedDebug.cons_vt[82], 2.0,
speedDebug.cons_vt[83], 2.0,
speedDebug.cons_vt[84], 2.0,
speedDebug.cons_vt[85], 2.0,
speedDebug.cons_vt[86], 2.0,
speedDebug.cons_vt[87], 2.0,
speedDebug.cons_vt[88], 2.0,
speedDebug.cons_vt[89], 2.0,
speedDebug.cons_vt[90], 2.0,
speedDebug.cons_vt[91], 2.0,
speedDebug.cons_vt[92], 2.0,
speedDebug.cons_vt[93], 2.0,
speedDebug.cons_vt[94], 2.0,
speedDebug.cons_vt[95], 2.0,
speedDebug.cons_vt[96], 2.0,
speedDebug.cons_vt[97], 2.0,
speedDebug.cons_vt[98], 2.0,
speedDebug.cons_vt[99], 2.0,
speedDebug.cons_vt[100], 2.0,
speedDebug.cons_vt[101], 2.0,
speedDebug.cons_vt[102], 2.0,
speedDebug.cons_vt[103], 2.0,
speedDebug.cons_vt[104], 2.0,
speedDebug.cons_vt[105], 2.0,
speedDebug.cons_vt[106], 2.0,
speedDebug.cons_vt[107], 2.0,
speedDebug.cons_vt[108], 2.0,
speedDebug.cons_vt[109], 2.0,
speedDebug.cons_vt[110], 2.0,
speedDebug.cons_vt[111], 2.0,
speedDebug.cons_vt[112], 2.0,
speedDebug.cons_vt[113], 2.0,
speedDebug.cons_vt[114], 2.0,
speedDebug.cons_vt[115], 2.0,
speedDebug.cons_vt[116], 2.0,
speedDebug.cons_vt[117], 2.0,
speedDebug.cons_vt[118], 2.0,
speedDebug.cons_vt[119], 2.0,
speedDebug.cons_vt[120], 2.0,
speedDebug.cons_vt[121], 2.0,
speedDebug.cons_vt[122], 2.0,
speedDebug.cons_vt[123], 2.0,
speedDebug.cons_vt[124], 2.0,
speedDebug.cons_vt[125], 2.0,
speedDebug.cons_vt[126], 2.0,
speedDebug.cons_vt[127], 2.0,
speedDebug.cons_vt[128], 2.0,
speedDebug.cons_vt[129], 2.0,
speedDebug.cons_vt[130], 2.0,
speedDebug.cons_vt[131], 2.0,
speedDebug.cons_vt[132], 2.0,
speedDebug.cons_vt[133], 2.0,
speedDebug.cons_vt[134], 2.0,
speedDebug.cons_vt[135], 2.0,
speedDebug.cons_vt[136], 2.0,
speedDebug.cons_vt[137], 2.0,
speedDebug.cons_vt[138], 2.0,
speedDebug.cons_vt[139], 2.0,
speedDebug.cons_vt[140], 2.0,
speedDebug.cons_vt[141], 2.0,
speedDebug.cons_vt[142], 2.0,
speedDebug.cons_vt[143], 2.0,
speedDebug.cons_vt[144], 2.0,
speedDebug.cons_vt[145], 2.0,
speedDebug.cons_vt[146], 2.0,
speedDebug.cons_vt[147], 2.0,
speedDebug.cons_vt[148], 2.0,
speedDebug.cons_vt[149], 2.0,
speedDebug.cons_vt[150], 2.0,
speedDebug.cons_vt[151], 2.0,
speedDebug.cons_vt[152], 2.0,
speedDebug.cons_vt[153], 2.0,
speedDebug.cons_vt[154], 2.0,
speedDebug.cons_vt[155], 2.0,
speedDebug.cons_vt[156], 2.0,
speedDebug.cons_vt[157], 2.0,
speedDebug.cons_vt[158], 2.0,
speedDebug.cons_vt[159], 2.0,
speedDebug.cons_vt[160], 2.0,
speedDebug.cons_vt[161], 2.0,
speedDebug.cons_vt[162], 2.0,
speedDebug.cons_vt[163], 2.0,
speedDebug.cons_vt[164], 2.0,
speedDebug.cons_vt[165], 2.0,
speedDebug.cons_vt[166], 2.0,
speedDebug.cons_vt[167], 2.0,
speedDebug.cons_vt[168], 2.0,
speedDebug.cons_vt[169], 2.0,
speedDebug.cons_vt[170], 2.0,
speedDebug.cons_vt[171], 2.0,
speedDebug.cons_vt[172], 2.0,
speedDebug.cons_vt[173], 2.0,
speedDebug.cons_vt[174], 2.0,
speedDebug.cons_vt[175], 2.0,
speedDebug.cons_vt[176], 2.0,
speedDebug.cons_vt[177], 2.0,
speedDebug.cons_vt[178], 2.0,
speedDebug.cons_vt[179], 2.0,
speedDebug.cons_vt[180], 2.0,
speedDebug.cons_vt[181], 2.0,
speedDebug.cons_vt[182], 2.0,
speedDebug.cons_vt[183], 2.0,
speedDebug.cons_vt[184], 2.0,
speedDebug.cons_vt[185], 2.0,
speedDebug.cons_vt[186], 2.0,
speedDebug.cons_vt[187], 2.0,
speedDebug.cons_vt[188], 2.0,
speedDebug.cons_vt[189], 2.0,
speedDebug.cons_vt[190], 2.0,
speedDebug.cons_vt[191], 2.0,
speedDebug.cons_vt[192], 2.0,
speedDebug.cons_vt[193], 2.0,
speedDebug.cons_vt[194], 2.0,
speedDebug.cons_vt[195], 2.0,
speedDebug.cons_vt[196], 2.0,
speedDebug.cons_vt[197], 2.0,
speedDebug.cons_vt[198], 2.0,
speedDebug.cons_vt[199], 2.0,
speedDebug.cons_vt[200], 2.0,
speedDebug.cons_vt[201], 2.0,
speedDebug.cons_vt[202], 2.0,
speedDebug.cons_vt[203], 2.0,
speedDebug.cons_vt[204], 2.0,
speedDebug.cons_vt[205], 2.0,
speedDebug.cons_vt[206], 2.0,
speedDebug.cons_vt[207], 2.0,
speedDebug.cons_vt[208], 2.0,
speedDebug.cons_vt[209], 2.0,
speedDebug.cons_vt[210], 2.0,
speedDebug.cons_vt[211], 2.0,
speedDebug.cons_vt[212], 2.0,
speedDebug.cons_vt[213], 2.0,
speedDebug.cons_vt[214], 2.0,
speedDebug.cons_vt[215], 2.0,
speedDebug.cons_vt[216], 2.0,
speedDebug.cons_vt[217], 2.0,
speedDebug.cons_vt[218], 2.0,
speedDebug.cons_vt[219], 2.0,
speedDebug.cons_vt[220], 2.0,
speedDebug.cons_vt[221], 2.0,
speedDebug.cons_vt[222], 2.0,
speedDebug.cons_vt[223], 2.0,
speedDebug.cons_vt[224], 2.0,
speedDebug.cons_vt[225], 2.0,
speedDebug.cons_vt[226], 2.0,
speedDebug.cons_vt[227], 2.0,
speedDebug.cons_vt[228], 2.0,
speedDebug.cons_vt[229], 2.0,
speedDebug.cons_vt[230], 2.0,
speedDebug.cons_vt[231], 2.0,
speedDebug.cons_vt[232], 2.0,
speedDebug.cons_vt[233], 2.0,
speedDebug.cons_vt[234], 2.0,
speedDebug.cons_vt[235], 2.0,
speedDebug.cons_vt[236], 2.0,
speedDebug.cons_vt[237], 2.0,
speedDebug.cons_vt[238], 2.0,
speedDebug.cons_vt[239], 2.0,
speedDebug.cons_vt[240], 2.0,
speedDebug.cons_vt[241], 2.0,
speedDebug.cons_vt[242], 2.0,
speedDebug.cons_vt[243], 2.0,
speedDebug.cons_vt[244], 2.0,
speedDebug.cons_vt[245], 2.0,
speedDebug.cons_vt[246], 2.0,
speedDebug.cons_vt[247], 2.0,
speedDebug.cons_vt[248], 2.0,
speedDebug.cons_vt[249], 2.0,
speedDebug.cons_vt[250], 2.0,
speedDebug.cons_vt[251], 2.0,
speedDebug.cons_vt[252], 2.0,
speedDebug.cons_vt[253], 2.0,
speedDebug.cons_vt[254], 2.0,
speedDebug.cons_vt[255], 2.0,
speedDebug.cons_vt[256], 2.0,
speedDebug.cons_vt[257], 2.0,
speedDebug.cons_vt[258], 2.0,
speedDebug.cons_vt[259], 2.0,
speedDebug.cons_vt[260], 2.0,
speedDebug.cons_vt[261], 2.0,
speedDebug.cons_vt[262], 2.0,
speedDebug.cons_vt[263], 2.0,
speedDebug.cons_vt[264], 2.0,
speedDebug.cons_vt[265], 2.0,
speedDebug.cons_vt[266], 2.0,
speedDebug.cons_vt[267], 2.0,
speedDebug.cons_vt[268], 2.0,
speedDebug.cons_vt[269], 2.0,
speedDebug.cons_vt[270], 2.0,
speedDebug.cons_vt[271], 2.0,
speedDebug.cons_vt[272], 2.0,
speedDebug.cons_vt[273], 2.0,
speedDebug.cons_vt[274], 2.0,
speedDebug.cons_vt[275], 2.0,
speedDebug.cons_vt[276], 2.0,
speedDebug.cons_vt[277], 2.0,
speedDebug.cons_vt[278], 2.0,
speedDebug.cons_vt[279], 2.0,
speedDebug.cons_vt[280], 2.0,
speedDebug.cons_vt[281], 2.0,
speedDebug.cons_vt[282], 2.0,
speedDebug.cons_vt[283], 2.0,
speedDebug.cons_vt[284], 2.0,
speedDebug.cons_vt[285], 2.0,
speedDebug.cons_vt[286], 2.0,
speedDebug.cons_vt[287], 2.0,
speedDebug.cons_vt[288], 2.0,
speedDebug.cons_vt[289], 2.0,
speedDebug.cons_vt[290], 2.0,
speedDebug.cons_vt[291], 2.0,
speedDebug.cons_vt[292], 2.0,
speedDebug.cons_vt[293], 2.0,
speedDebug.cons_vt[294], 2.0,
speedDebug.cons_vt[295], 2.0,
speedDebug.cons_vt[296], 2.0,
speedDebug.cons_vt[297], 2.0,
speedDebug.cons_vt[298], 2.0,
speedDebug.cons_vt[299], 2.0,
speedDebug.cons_vt[300], 2.0,
speedDebug.cons_vt[301], 2.0,
speedDebug.cons_vt[302], 2.0,
speedDebug.cons_vt[303], 2.0,
speedDebug.cons_vt[304], 2.0,
speedDebug.cons_vt[305], 2.0,
speedDebug.cons_vt[306], 2.0,
speedDebug.cons_vt[307], 2.0,
speedDebug.cons_vt[308], 2.0,
speedDebug.cons_vt[309], 2.0,
speedDebug.cons_vt[310], 2.0,
speedDebug.cons_vt[311], 2.0,
speedDebug.cons_vt[312], 2.0,
speedDebug.cons_vt[313], 2.0,
speedDebug.cons_vt[314], 2.0,
speedDebug.cons_vt[315], 2.0,
speedDebug.cons_vt[316], 2.0,
speedDebug.cons_vt[317], 2.0,
speedDebug.cons_vt[318], 2.0,
speedDebug.cons_vt[319], 2.0,
speedDebug.cons_vt[320], 2.0,
speedDebug.cons_vt[321], 2.0,
speedDebug.cons_vt[322], 2.0,
speedDebug.cons_vt[323], 2.0,
speedDebug.cons_vt[324], 2.0,
speedDebug.cons_vt[325], 2.0,
speedDebug.cons_vt[326], 2.0,
speedDebug.cons_vt[327], 2.0,
speedDebug.cons_vt[328], 2.0,
speedDebug.cons_vt[329], 2.0,
speedDebug.cons_vt[330], 2.0,
speedDebug.cons_vt[331], 2.0,
speedDebug.cons_vt[332], 2.0,
speedDebug.cons_vt[333], 2.0,
speedDebug.cons_vt[334], 2.0,
speedDebug.cons_vt[335], 2.0,
speedDebug.cons_vt[336], 2.0,
speedDebug.cons_vt[337], 2.0,
speedDebug.cons_vt[338], 2.0,
speedDebug.cons_vt[339], 2.0,
speedDebug.cons_vt[340], 2.0,
speedDebug.cons_vt[341], 2.0,
speedDebug.cons_vt[342], 2.0,
speedDebug.cons_vt[343], 2.0,
speedDebug.cons_vt[344], 2.0,
speedDebug.cons_vt[345], 2.0,
speedDebug.cons_vt[346], 2.0,
speedDebug.cons_vt[347], 2.0,
speedDebug.cons_vt[348], 2.0,
speedDebug.cons_vt[349], 2.0,
speedDebug.cons_vt[350], 2.0,
speedDebug.cons_vt[351], 2.0,
speedDebug.cons_vt[352], 2.0,
speedDebug.cons_vt[353], 2.0,
speedDebug.cons_vt[354], 2.0,
speedDebug.cons_vt[355], 2.0,
speedDebug.cons_vt[356], 2.0,
speedDebug.cons_vt[357], 2.0,
speedDebug.cons_vt[358], 2.0,
speedDebug.cons_vt[359], 2.0,
speedDebug.cons_vt[360], 2.0,
speedDebug.cons_vt[361], 2.0,
speedDebug.cons_vt[362], 2.0,
speedDebug.cons_vt[363], 2.0,
speedDebug.cons_vt[364], 2.0,
speedDebug.cons_vt[365], 2.0,
speedDebug.cons_vt[366], 2.0,
speedDebug.cons_vt[367], 2.0,
speedDebug.cons_vt[368], 2.0,
speedDebug.cons_vt[369], 2.0,
speedDebug.cons_vt[370], 2.0,
speedDebug.cons_vt[371], 2.0,
speedDebug.cons_vt[372], 2.0,
speedDebug.cons_vt[373], 2.0,
speedDebug.cons_vt[374], 2.0,
speedDebug.cons_vt[375], 2.0,
speedDebug.cons_vt[376], 2.0,
speedDebug.cons_vt[377], 2.0,
speedDebug.cons_vt[378], 2.0,
speedDebug.cons_vt[379], 2.0,
speedDebug.cons_vt[380], 2.0,
speedDebug.cons_vt[381], 2.0,
speedDebug.cons_vt[382], 2.0,
speedDebug.cons_vt[383], 2.0,
speedDebug.cons_vt[384], 2.0,
speedDebug.cons_vt[385], 2.0,
speedDebug.cons_vt[386], 2.0,
speedDebug.cons_vt[387], 2.0,
speedDebug.cons_vt[388], 2.0,
speedDebug.cons_vt[389], 2.0,
speedDebug.cons_vt[390], 2.0,
speedDebug.cons_vt[391], 2.0,
speedDebug.cons_vt[392], 2.0,
speedDebug.cons_vt[393], 2.0,
speedDebug.cons_vt[394], 2.0,
speedDebug.cons_vt[395], 2.0,
speedDebug.cons_vt[396], 2.0,
speedDebug.cons_vt[397], 2.0,
speedDebug.cons_vt[398], 2.0,
speedDebug.cons_vt[399], 2.0,
